cik,name,year,Assets,NetIncomeLoss,Revenues,gvkey,lobbying_spend,roa
2969,AIR PRODUCTS & CHEMICALS INC /DE/,2010,13029100000.0,252000000.0,2195300000.0,,,0.0193413205823886
2969,AIR PRODUCTS & CHEMICALS INC /DE/,2011,5824700000.0,631300000.0,9026000000.0,,,0.1083832643741308
2969,AIR PRODUCTS & CHEMICALS INC /DE/,2012,4581800000.0,268600000.0,2291500000.0,,,0.0586232485049543
2969,AIR PRODUCTS & CHEMICALS INC /DE/,2013,7411900000.0,296000000.0,2321500000.0,,,0.0399357789500667
2969,AIR PRODUCTS & CHEMICALS INC /DE/,2014,399900000.0,104000000.0,3288900000.0,,,0.2600650162540635
2969,AIR PRODUCTS & CHEMICALS INC /DE/,2015,17438100000.0,290000000.0,2634600000.0,,,0.01663025214903
2969,AIR PRODUCTS & CHEMICALS INC /DE/,2016,4232700000.0,324600000.0,232400000.0,,,0.076688638457722
2969,AIR PRODUCTS & CHEMICALS INC /DE/,2017,279600000.0,-2700000.0,721400000.0,,,-0.009656652360515
2969,AIR PRODUCTS & CHEMICALS INC /DE/,2018,5904000000.0,299800000.0,236000000.0,,,0.0507791327913279
2969,AIR PRODUCTS & CHEMICALS INC /DE/,2019,325700000.0,473900000.0,0.0,,,1.4550199570156586
2969,AIR PRODUCTS & CHEMICALS INC /DE/,2020,3250800000.0,57700000.0,2216300000.0,,,0.0177494770518026
4127,SKYWORKS SOLUTIONS INC,2010,1352591000.0,111006000.0,1071849000.0,1327.0,,0.0820691546816443
4127,SKYWORKS SOLUTIONS INC,2011,1564052000.0,137294000.0,36724000.0,1327.0,,0.0877809689191919
4127,SKYWORKS SOLUTIONS INC,2012,2136646000.0,137294000.0,144758000.0,1327.0,,0.064256783762963
4127,SKYWORKS SOLUTIONS INC,2013,2333100000.0,226600000.0,1671700000.0,1327.0,,0.0971239981140971
4127,SKYWORKS SOLUTIONS INC,2014,2333100000.0,111400000.0,481000000.0,1327.0,,0.0477476319060477
4127,SKYWORKS SOLUTIONS INC,2015,2973800000.0,174900000.0,810000000.0,1327.0,,0.0588136391149371
4127,SKYWORKS SOLUTIONS INC,2016,3855400000.0,355300000.0,107400000.0,1327.0,,0.0921564558800643
4127,SKYWORKS SOLUTIONS INC,2017,4573600000.0,185000000.0,252200000.0,1327.0,,0.0404495364701766
4127,SKYWORKS SOLUTIONS INC,2018,4573600000.0,995200000.0,1455000000.0,1327.0,,0.2175966415952422
4127,SKYWORKS SOLUTIONS INC,2019,4839600000.0,286500000.0,271100000.0,1327.0,,0.0591991073642449
4127,SKYWORKS SOLUTIONS INC,2020,5106700000.0,257100000.0,1860400000.0,1327.0,,0.05034562437582
6281,ANALOG DEVICES INC,2010,4328831000.0,,559006000.0,12216.0,,
6281,ANALOG DEVICES INC,2011,5277635000.0,247772000.0,217501000.0,12216.0,,0.0469475437388148
6281,ANALOG DEVICES INC,2012,5620347000.0,867394000.0,675094000.0,12216.0,,0.1543310404144085
6281,ANALOG DEVICES INC,2013,6381750000.0,867394000.0,172920000.0,12216.0,,0.1359178908606573
6281,ANALOG DEVICES INC,2014,6381750000.0,673487000.0,622134000.0,12216.0,,0.1055332784894425
6281,ANALOG DEVICES INC,2015,6859690000.0,629320000.0,327223000.0,12216.0,,0.091741755093889
6281,ANALOG DEVICES INC,2016,7970278000.0,696878000.0,242460000.0,12216.0,,0.0874345913655709
6281,ANALOG DEVICES INC,2017,21141294000.0,696878000.0,511365000.0,12216.0,,0.032962882972064
6281,ANALOG DEVICES INC,2018,20449779000.0,4199000.0,3421409000.0,12216.0,,0.000205332292344
6281,ANALOG DEVICES INC,2019,20438366000.0,1506980000.0,2424514000.0,12216.0,,0.0737329001741137
6281,ANALOG DEVICES INC,2020,21392641000.0,1363011000.0,2987542000.0,12216.0,,0.0637140126831465
6951,APPLIED MATERIALS INC /DE,2010,10943345000.0,960746000.0,8129240000.0,1704.0,,0.0877927178572913
6951,APPLIED MATERIALS INC /DE,2011,419000000.0,476000000.0,768000000.0,1704.0,,1.136038186157518
6951,APPLIED MATERIALS INC /DE,2012,459000000.0,1926000000.0,2093000000.0,1704.0,,4.196078431372549
6951,APPLIED MATERIALS INC /DE,2013,513000000.0,289000000.0,863000000.0,1704.0,,0.5633528265107213
6951,APPLIED MATERIALS INC /DE,2014,513000000.0,183000000.0,2023000000.0,1704.0,,0.3567251461988304
6951,APPLIED MATERIALS INC /DE,2015,183000000.0,1377000000.0,9072000000.0,1704.0,,7.524590163934426
6951,APPLIED MATERIALS INC /DE,2016,14588000000.0,1072000000.0,848000000.0,1704.0,,0.073485056210584
6951,APPLIED MATERIALS INC /DE,2017,14570000000.0,1377000000.0,615000000.0,1704.0,,0.0945092656142759
6951,APPLIED MATERIALS INC /DE,2018,19419000000.0,1721000000.0,2589000000.0,1704.0,,0.0886245429733765
6951,APPLIED MATERIALS INC /DE,2019,19024000000.0,698000000.0,4087000000.0,1704.0,,0.0366904962153069
6951,APPLIED MATERIALS INC /DE,2020,22353000000.0,2706000000.0,2504000000.0,1704.0,,0.1210575761642732
10795,BECTON DICKINSON & CO,2010,7912943000.0,,7372333000.0,,,
10795,BECTON DICKINSON & CO,2011,9304624000.0,,2386965000.0,,,
10795,BECTON DICKINSON & CO,2012,1059774000.0,,2430939000.0,,,
10795,BECTON DICKINSON & CO,2013,8357000000.0,,911000000.0,,,
10795,BECTON DICKINSON & CO,2014,3247000000.0,,1294000000.0,,,
10795,BECTON DICKINSON & CO,2015,8357000000.0,1293000000.0,2383000000.0,,,0.154720593514419
10795,BECTON DICKINSON & CO,2016,3848000000.0,0.0,5069000000.0,,,0.0
10795,BECTON DICKINSON & CO,2017,20055000000.0,0.0,2434000000.0,,,0.0
10795,BECTON DICKINSON & CO,2018,2784000000.0,562000000.0,3035000000.0,,,0.201867816091954
10795,BECTON DICKINSON & CO,2019,51765000000.0,-135000000.0,485000000.0,,,-0.0026079397276151
10795,BECTON DICKINSON & CO,2020,51765000000.0,874000000.0,3762000000.0,,,0.0168839949773012
16040,CABOT CORP,2010,2886000000.0,86000000.0,2893000000.0,2593.0,,0.0297990297990298
16040,CABOT CORP,2011,3141000000.0,43000000.0,836000000.0,2593.0,,0.0136899076727156
16040,CABOT CORP,2012,4399000000.0,154000000.0,186000000.0,2593.0,,0.0350079563537167
16040,CABOT CORP,2013,688000000.0,153000000.0,914000000.0,2593.0,,0.2223837209302325
16040,CABOT CORP,2014,1628000000.0,59000000.0,107000000.0,2593.0,,0.0362407862407862
16040,CABOT CORP,2015,731000000.0,153000000.0,99000000.0,2593.0,,0.2093023255813953
16040,CABOT CORP,2016,629000000.0,199000000.0,99000000.0,2593.0,,0.3163751987281399
16040,CABOT CORP,2017,629000000.0,-334000000.0,645000000.0,2593.0,,-0.5310015898251192
16040,CABOT CORP,2018,1189000000.0,147000000.0,287000000.0,2593.0,,0.1236333052985702
16040,CABOT CORP,2019,367000000.0,88000000.0,117000000.0,2593.0,,0.2397820163487738
16040,CABOT CORP,2020,2637000000.0,69000000.0,2614000000.0,2593.0,,0.0261660978384527
32604,EMERSON ELECTRIC CO,2010,22843000000.0,1724000000.0,5841000000.0,65317.0,1474784.0,0.0754716981132075
32604,EMERSON ELECTRIC CO,2011,23861000000.0,761000000.0,24222000000.0,65317.0,1337000.0,0.0318930472318846
32604,EMERSON ELECTRIC CO,2012,20853000000.0,38000000.0,95000000.0,65317.0,1023100.0,0.0018222797678991
32604,EMERSON ELECTRIC CO,2013,21178000000.0,770000000.0,619000000.0,65317.0,488448.0,0.0363584852205118
32604,EMERSON ELECTRIC CO,2014,1152000000.0,2004000000.0,27000000.0,65317.0,710000.0,1.7395833333333333
32604,EMERSON ELECTRIC CO,2015,817000000.0,525000000.0,4121000000.0,65317.0,410000.0,0.642594859241126
32604,EMERSON ELECTRIC CO,2016,21743000000.0,973000000.0,16888000000.0,65317.0,408000.0,0.04475003449386
32604,EMERSON ELECTRIC CO,2017,9999000000.0,504000000.0,1611000000.0,65317.0,480000.0,0.0504050405040504
32604,EMERSON ELECTRIC CO,2018,8759000000.0,1635000000.0,4039000000.0,65317.0,570000.0,0.1866651444228793
32604,EMERSON ELECTRIC CO,2019,4347000000.0,717000000.0,18372000000.0,65317.0,470000.0,0.1649413388543823
32604,EMERSON ELECTRIC CO,2020,4347000000.0,520000000.0,3237000000.0,65317.0,650000.0,0.1196227283183804
38777,FRANKLIN RESOURCES INC,2010,9176520000.0,1445689000.0,198292000.0,4885.0,,0.1575421837472157
38777,FRANKLIN RESOURCES INC,2011,9746894000.0,896778000.0,7113226000.0,4885.0,,0.0920065407503149
38777,FRANKLIN RESOURCES INC,2012,1043300000.0,1931400000.0,3920000000.0,4885.0,,1.851241253714176
38777,FRANKLIN RESOURCES INC,2013,14751500000.0,1923600000.0,5389500000.0,4885.0,,0.1304002982747517
38777,FRANKLIN RESOURCES INC,2014,885700000.0,2384300000.0,420200000.0,4885.0,,2.6919950321779385
38777,FRANKLIN RESOURCES INC,2015,1855300000.0,2035300000.0,159800000.0,4885.0,90000.0,1.097019349970355
38777,FRANKLIN RESOURCES INC,2016,16098800000.0,1726700000.0,126800000.0,4885.0,220000.0,0.1072564414738986
38777,FRANKLIN RESOURCES INC,2017,1798900000.0,1726700000.0,281000000.0,4885.0,200000.0,0.9598643615542832
38777,FRANKLIN RESOURCES INC,2018,3928800000.0,764400000.0,6392200000.0,4885.0,200000.0,0.1945632254123396
38777,FRANKLIN RESOURCES INC,2019,2557100000.0,764400000.0,483300000.0,4885.0,200000.0,0.298932384341637
38777,FRANKLIN RESOURCES INC,2020,20220900000.0,798900000.0,216300000.0,4885.0,200000.0,0.0395086272124386
46619,HEICO CORP,2010,732910000.0,44626000.0,538296000.0,5567.0,,0.0608887857990749
46619,HEICO CORP,2011,941069000.0,20402000.0,507237000.0,5567.0,,0.0216796005393865
46619,HEICO CORP,2012,42400000.0,17074000.0,331598000.0,5567.0,,0.402688679245283
46619,HEICO CORP,2013,1533015000.0,19043000.0,764891000.0,5567.0,,0.012421926726092
46619,HEICO CORP,2014,759807000.0,3600000.0,216490000.0,5567.0,,0.0047380453194034
46619,HEICO CORP,2015,703144000.0,38250000.0,350033000.0,5567.0,,0.0543985300308329
46619,HEICO CORP,2016,1736387000.0,33105000.0,511272000.0,5567.0,,0.0190654502711665
46619,HEICO CORP,2017,1015696000.0,45686000.0,967540000.0,5567.0,,0.0449799940139569
46619,HEICO CORP,2018,2512431000.0,40927000.0,421224000.0,5567.0,,0.0162898005955188
46619,HEICO CORP,2019,167541000.0,81098000.0,701827000.0,5567.0,,0.4840486806214598
46619,HEICO CORP,2020,1643032000.0,81098000.0,-19058000.0,5567.0,,0.0493587465125451
46765,HELMERICH & PAYNE INC,2010,4161024000.0,,1843740000.0,,,
46765,HELMERICH & PAYNE INC,2011,5003891000.0,,204702000.0,,,
46765,HELMERICH & PAYNE INC,2012,5721085000.0,129719000.0,2678475000.0,,,0.0226738459575412
46765,HELMERICH & PAYNE INC,2013,5721085000.0,151080000.0,2785449000.0,,,0.0264075782827907
46765,HELMERICH & PAYNE INC,2014,6721861000.0,581045000.0,119026000.0,,,0.0864410912394647
46765,"HELMERICH & PAYNE, INC.",2015,-6539946000.0,203042000.0,3099954000.0,,,-0.0310464337167309
46765,"HELMERICH & PAYNE, INC.",2016,915758000.0,-21200000.0,-855000.0,,,-0.023150220909891
46765,"HELMERICH & PAYNE, INC.",2017,6832019000.0,-414214000.0,405283000.0,,,-0.0606283442712908
46765,"HELMERICH & PAYNE, INC.",2018,5642560000.0,-56828000.0,14130000.0,,,-0.0100713151477343
46765,"HELMERICH & PAYNE, INC.",2019,413392000.0,-154683000.0,0.0,,,-0.3741799551031466
46765,"HELMERICH & PAYNE, INC.",2020,0.0,41177000.0,208267000.0,,,
47518,"HILL-ROM HOLDINGS, INC.",2010,1245600000.0,125300000.0,1507700000.0,,,0.1005940912010276
47518,"HILL-ROM HOLDINGS, INC.",2011,1299100000.0,125300000.0,374200000.0,,,0.096451389423447
47518,"HILL-ROM HOLDINGS, INC.",2012,1299100000.0,23400000.0,482900000.0,,,0.0180124701716573
47518,"HILL-ROM HOLDINGS, INC.",2013,1627600000.0,23400000.0,381100000.0,,,0.0143769968051118
47518,"HILL-ROM HOLDINGS, INC.",2014,1586800000.0,60600000.0,495600000.0,,,0.0381900680615074
47518,"HILL-ROM HOLDINGS, INC.",2015,4457600000.0,13200000.0,474500000.0,,,0.0029612347451543
47518,"HILL-ROM HOLDINGS, INC.",2016,4262400000.0,-9600000.0,408300000.0,,,-0.0022522522522522
47518,"HILL-ROM HOLDINGS, INC.",2017,4262400000.0,600000.0,706000000.0,,,0.0001407657657657
47518,"HILL-ROM HOLDINGS, INC.",2018,4360000000.0,100000.0,1829400000.0,,,2.293577981651376e-05
47518,"HILL-ROM HOLDINGS, INC.",2019,4360000000.0,27900000.0,355100000.0,,,0.0063990825688073
47518,"HILL-ROM HOLDINGS, INC.",2020,4671100000.0,42400000.0,438700000.0,,,0.0090770910492175
48465,HORMEL FOODS CORP /DE/,2010,3692055000.0,342813000.0,6754903000.0,5709.0,,0.0928515420274075
48465,HORMEL FOODS CORP /DE/,2011,4244391000.0,,6198818000.0,5709.0,,
48465,HORMEL FOODS CORP /DE/,2012,178642000.0,474195000.0,6874150000.0,5709.0,,2.654442964140572
48465,HORMEL FOODS CORP /DE/,2013,810077000.0,500050000.0,1467222000.0,5709.0,,0.6172869986433388
48465,HORMEL FOODS CORP /DE/,2014,1249631000.0,137975000.0,1170871000.0,5709.0,,0.110412593797689
48465,HORMEL FOODS CORP /DE/,2015,4915880000.0,686088000.0,608214000.0,5709.0,,0.1395656525383044
48465,HORMEL FOODS CORP /DE/,2016,5455619000.0,243940000.0,2188587000.0,5709.0,,0.0447135329648203
48465,HORMEL FOODS CORP /DE/,2017,6139831000.0,235147000.0,2187309000.0,5709.0,,0.0382986111506978
48465,HORMEL FOODS CORP /DE/,2018,675878000.0,890052000.0,,5709.0,,1.316882632664475
48465,HORMEL FOODS CORP /DE/,2019,3583639000.0,1012140000.0,,5709.0,,0.2824335821772226
48465,HORMEL FOODS CORP /DE/,2020,1111318000.0,908082000.0,,5709.0,,0.8171216519484072
52988,JACOBS ENGINEERING GROUP INC /DE/,2010,4428614000.0,114383000.0,1666325000.0,,,0.0258281710711297
52988,JACOBS ENGINEERING GROUP INC /DE/,2011,4683917000.0,76994000.0,2356175000.0,,,0.0164379513983702
52988,JACOBS ENGINEERING GROUP INC /DE/,2012,6839433000.0,77500000.0,1656487000.0,,,0.0113313486658908
52988,JACOBS ENGINEERING GROUP INC /DE/,2013,7274144000.0,83933000.0,158908000.0,,,0.0115385397924484
52988,JACOBS ENGINEERING GROUP INC /DE/,2014,7274144000.0,423093000.0,141507000.0,,,0.058163957161145
52988,JACOBS ENGINEERING GROUP INC /DE/,2015,8453659000.0,110811000.0,141507000.0,,,0.0131080517915378
52988,JACOBS ENGINEERING GROUP INC /DE/,2016,7785926000.0,302971000.0,6247448000.0,,,0.0389126482835824
52988,JACOBS ENGINEERING GROUP INC /DE/,2017,7380859000.0,293727000.0,5738840000.0,,,0.0397957744484754
52988,JACOBS ENGINEERING GROUP INC /DE/,2018,7380859000.0,2163000.0,2781763000.0,,,0.0002930553205257
52988,JACOBS ENGINEERING GROUP INC /DE/,2019,11462711000.0,23262000.0,,,,0.0020293628618919
52988,JACOBS ENGINEERING GROUP INC /DE/,2020,192600000.0,81993000.0,,,,0.4257165109034267
63296,MATTHEWS INTERNATIONAL CORP,2010,993825000.0,57732000.0,818623000.0,,,0.0580907101350841
63296,MATTHEWS INTERNATIONAL CORP,2011,29316000.0,72372000.0,520083000.0,,,2.4686860417519445
63296,MATTHEWS INTERNATIONAL CORP,2012,299248000.0,16325000.0,56921000.0,,,0.0545534138908196
63296,MATTHEWS INTERNATIONAL CORP,2013,356458000.0,12975000.0,225609000.0,,,0.0363998002569727
63296,MATTHEWS INTERNATIONAL CORP,2014,113420000.0,43674000.0,0.0,,,0.3850643625462881
63296,MATTHEWS INTERNATIONAL CORP,2015,108148000.0,19041000.0,798339000.0,,,0.1760642822798387
63296,MATTHEWS INTERNATIONAL CORP,2016,72620000.0,66749000.0,43865000.0,,,0.9191545028917654
63296,MATTHEWS INTERNATIONAL CORP,2017,1157771000.0,10322000.0,47417000.0,,,0.0089154072782959
63296,MATTHEWS INTERNATIONAL CORP,2018,65734000.0,24414000.0,346000.0,,,0.3714059695134938
63296,MATTHEWS INTERNATIONAL CORP,2019,741148000.0,3097000.0,320553000.0,,,0.0041786525768132
63296,MATTHEWS INTERNATIONAL CORP,2020,192948000.0,15417000.0,156515000.0,,,0.0799023571117606
67887,MOOG INC,2010,2712134000.0,108094000.0,1848918000.0,7549.0,,0.0398557003451894
67887,MOOG INC,2010,2712134000.0,108094000.0,1848918000.0,7549.0,,0.0398557003451894
67887,MOOG INC,2011,1110771000.0,30615000.0,113253000.0,7549.0,,0.0275619367088265
67887,MOOG INC,2011,1110771000.0,30615000.0,113253000.0,7549.0,,0.0275619367088265
67887,MOOG INC,2012,384409000.0,136021000.0,619061000.0,7549.0,,0.3538444729441818
67887,MOOG INC,2012,384409000.0,136021000.0,619061000.0,7549.0,,0.3538444729441818
67887,MOOG INC.,2013,1268753000.0,152462000.0,415428000.0,7549.0,,0.1201668094577904
67887,MOOG INC.,2013,1268753000.0,152462000.0,415428000.0,7549.0,,0.1201668094577904
67887,MOOG INC.,2014,1257099000.0,40254000.0,2469536000.0,7549.0,,0.0320213443809914
67887,MOOG INC.,2014,1257099000.0,40254000.0,2469536000.0,7549.0,,0.0320213443809914
67887,MOOG INC.,2015,1220814000.0,120497000.0,634539000.0,7549.0,0.0,0.0987021773996694
67887,MOOG INC.,2015,1220814000.0,120497000.0,634539000.0,7549.0,0.0,0.0987021773996694
67887,MOOG INC.,2016,1220814000.0,131883000.0,514984000.0,7549.0,120000.0,0.1080287414790459
67887,MOOG INC.,2016,1220814000.0,131883000.0,514984000.0,7549.0,120000.0,0.1080287414790459
67887,MOOG INC.,2017,262389000.0,131883000.0,1124885000.0,7549.0,140000.0,0.5026239667059214
67887,MOOG INC.,2017,262389000.0,131883000.0,1124885000.0,7549.0,140000.0,0.5026239667059214
67887,MOOG INC.,2018,3090592000.0,40088000.0,145627000.0,7549.0,230000.0,0.0129709777285387
67887,MOOG INC.,2018,3090592000.0,40088000.0,145627000.0,7549.0,230000.0,0.0129709777285387
67887,MOOG INC.,2019,3114237000.0,96507000.0,9276000.0,7549.0,230000.0,0.0309889709742707
67887,MOOG INC.,2019,3114237000.0,96507000.0,9276000.0,7549.0,230000.0,0.0309889709742707
67887,MOOG INC.,2020,761874000.0,-77977000.0,102600000.0,7549.0,220000.0,-0.1023489448386478
67887,MOOG INC.,2020,761874000.0,-77977000.0,102600000.0,7549.0,220000.0,-0.1023489448386478
70145,NATIONAL FUEL GAS CO,2010,4769129000.0,100708000.0,,7733.0,,0.0211166441503259
70145,NATIONAL FUEL GAS CO,2011,5284742000.0,258402000.0,,7733.0,,0.0488958590599124
70145,NATIONAL FUEL GAS CO,2012,198706000.0,115611000.0,,7733.0,,0.5818193713325214
70145,NATIONAL FUEL GAS CO,2013,6218347000.0,124189000.0,,7733.0,,0.0199713846782754
70145,NATIONAL FUEL GAS CO,2014,95793000.0,47842000.0,,7733.0,,0.499431064900358
70145,NATIONAL FUEL GAS CO,2015,6204977000.0,13321000.0,,7733.0,,0.0021468250406085
70145,NATIONAL FUEL GAS CO,2016,2021514000.0,299413000.0,,7733.0,,0.1481132458147705
70145,NATIONAL FUEL GAS CO,2017,63392000.0,1509000.0,,7733.0,,0.0238042655224634
70145,NATIONAL FUEL GAS CO,2018,77138000.0,4348000.0,0.0,7733.0,,0.0563665119655682
70145,NATIONAL FUEL GAS CO,2019,1407152000.0,-21354000.0,1448228000.0,7733.0,,-0.0151753328709336
70145,NATIONAL FUEL GAS CO,2020,1848180000.0,391521000.0,478000.0,7733.0,,0.2118413790864526
72331,NORDSON CORP,2010,986354000.0,168048000.0,819165000.0,7921.0,,0.1703729087122878
72331,NORDSON CORP,2011,986354000.0,53556000.0,390319000.0,7921.0,,0.054296935988499
72331,NORDSON CORP,2012,-25316000.0,224829000.0,312255000.0,7921.0,,-8.880905356296413
72331,NORDSON CORP,2013,-25316000.0,59777000.0,109074000.0,7921.0,,-2.36123400221204
72331,NORDSON CORP,2014,110982000.0,61934000.0,403086000.0,7921.0,,0.5580544592816853
72331,NORDSON CORP,2015,486852000.0,246773000.0,123654000.0,7921.0,,0.506874779193677
72331,NORDSON CORP,2016,22884000.0,41161000.0,593858000.0,7921.0,,1.79868030064674
72331,NORDSON CORP,2017,794699000.0,70601000.0,594298000.0,7921.0,,0.0888399255567202
72331,NORDSON CORP,2018,26175000.0,49988000.0,253092000.0,7921.0,,1.909761222540592
72331,NORDSON CORP,2019,38997000.0,91235000.0,530812000.0,7921.0,,2.3395389388927352
72331,NORDSON CORP,2020,3519907000.0,86981000.0,2194226000.0,7921.0,,0.024711164243828
100493,TYSON FOODS INC,2010,2277000000.0,40000000.0,4552000000.0,10793.0,,0.0175669740887132
100493,TYSON FOODS INC,2010,2277000000.0,40000000.0,4552000000.0,10793.0,,0.0175669740887132
100493,TYSON FOODS INC,2011,13678000000.0,159000000.0,286000000.0,10793.0,,0.0116245065067992
100493,TYSON FOODS INC,2011,13678000000.0,159000000.0,286000000.0,10793.0,,0.0116245065067992
100493,TYSON FOODS INC,2012,5902000000.0,-470000000.0,8373000000.0,10793.0,,-0.0796340223652999
100493,TYSON FOODS INC,2012,5902000000.0,-470000000.0,8373000000.0,10793.0,,-0.0796340223652999
100493,TYSON FOODS INC,2013,960000000.0,385000000.0,211000000.0,10793.0,,0.4010416666666667
100493,TYSON FOODS INC,2013,960000000.0,385000000.0,211000000.0,10793.0,,0.4010416666666667
100493,TYSON FOODS INC,2014,1452000000.0,385000000.0,-1420000000.0,10793.0,,0.2651515151515151
100493,TYSON FOODS INC,2014,1452000000.0,385000000.0,-1420000000.0,10793.0,,0.2651515151515151
100493,TYSON FOODS INC,2015,21127000000.0,-774000000.0,5408000000.0,10793.0,,-0.0366355847967056
100493,TYSON FOODS INC,2015,21127000000.0,-774000000.0,5408000000.0,10793.0,,-0.0366355847967056
100493,TYSON FOODS INC,2016,3103000000.0,1220000000.0,3927000000.0,10793.0,,0.3931679020302933
100493,TYSON FOODS INC,2016,3103000000.0,1220000000.0,3927000000.0,10793.0,,0.3931679020302933
100493,TYSON FOODS INC,2017,13466000000.0,1774000000.0,-386000000.0,10793.0,,0.1317391950096539
100493,TYSON FOODS INC,2017,13466000000.0,1774000000.0,-386000000.0,10793.0,,0.1317391950096539
100493,TYSON FOODS INC,2018,5836000000.0,593000000.0,14513000000.0,10793.0,,0.1016106922549691
100493,TYSON FOODS INC,2018,5836000000.0,593000000.0,14513000000.0,10793.0,,0.1016106922549691
100493,"TYSON FOODS, INC.",2019,15063000000.0,2022000000.0,0.0,10793.0,,0.1342362079267078
100493,"TYSON FOODS, INC.",2019,15063000000.0,2022000000.0,0.0,10793.0,,0.1342362079267078
100493,"TYSON FOODS, INC.",2020,926000000.0,527000000.0,126000000.0,10793.0,,0.5691144708423326
100493,"TYSON FOODS, INC.",2020,926000000.0,527000000.0,126000000.0,10793.0,,0.5691144708423326
108312,WOODWARD GOVERNOR CO,2010,1663233000.0,110844000.0,1258204000.0,,,0.0666436993493996
108312,"WOODWARD, INC.",2011,1663233000.0,41690000.0,365075000.0,,,0.0250656402320059
108312,"WOODWARD, INC.",2012,1606726000.0,28302000.0,264046000.0,,,0.017614702195645
108312,"WOODWARD, INC.",2013,605842000.0,145942000.0,193226000.0,,,0.2408911894520353
108312,"WOODWARD, INC.",2014,2397202000.0,42446000.0,339893000.0,,,0.0177064761334255
108312,"WOODWARD, INC.",2015,2220269000.0,23383000.0,297303000.0,,,0.0105316067557579
108312,"WOODWARD, INC.",2016,-26049000.0,43784000.0,176511000.0,,,-1.6808322776306193
108312,"WOODWARD, INC.",2017,705169000.0,0.0,2023078000.0,,,0.0
108312,"WOODWARD, INC.",2018,2642362000.0,0.0,1233176000.0,,,0.0
108312,"WOODWARD, INC.",2019,3956526000.0,180378000.0,161906000.0,,,0.0455899948591264
108312,"WOODWARD, INC.",2020,1805892000.0,38465000.0,194956000.0,,,0.021299723350012
203527,VARIAN MEDICAL SYSTEMS INC,2010,2323952000.0,360422000.0,2214060000.0,119216.0,,0.1550901223433186
203527,VARIAN MEDICAL SYSTEMS INC,2011,1000000000.0,0.0,719000000.0,119216.0,,0.0
203527,VARIAN MEDICAL SYSTEMS INC,2012,1485000000.0,0.0,469000000.0,119216.0,,0.0
203527,VARIAN MEDICAL SYSTEMS INC,2013,239000000.0,0.0,720300000.0,119216.0,,0.0
203527,VARIAN MEDICAL SYSTEMS INC,2014,1574900000.0,403703000.0,1650900000.0,119216.0,,0.2563356403581179
203527,VARIAN MEDICAL SYSTEMS INC,2015,1314100000.0,438248000.0,2344200000.0,119216.0,,0.3334966897496385
203527,VARIAN MEDICAL SYSTEMS INC,2016,3338700000.0,-1000000.0,759400000.0,119216.0,80000.0,-0.00029951777638
203527,VARIAN MEDICAL SYSTEMS INC,2017,595300000.0,411500000.0,0.0,119216.0,80000.0,0.6912481101965395
203527,VARIAN MEDICAL SYSTEMS INC,2018,1124200000.0,399300000.0,1069800000.0,119216.0,140000.0,0.3551859099804305
203527,VARIAN MEDICAL SYSTEMS INC,2019,2300000.0,73200000.0,2919100000.0,119216.0,220000.0,31.82608695652174
203527,VARIAN MEDICAL SYSTEMS INC,2020,4462200000.0,149900000.0,2919100000.0,119216.0,240000.0,0.0335932947873246
315189,DEERE & CO,2010,38735000000.0,-223000000.0,2297600000.0,,,-0.0057570672518394
315189,DEERE & CO,2011,41133000000.0,904000000.0,16611000000.0,,,0.0219774876619745
315189,DEERE & CO,2012,2915000000.0,1865000000.0,36157100000.0,,,0.6397941680960549
315189,DEERE & CO,2013,34495000000.0,996000000.0,210000000.0,,,0.0288737498188143
315189,DEERE & CO,2014,28296700000.0,3064700000.0,2568900000.0,,,0.1083059155307862
315189,DEERE & CO,2015,8332000000.0,512000000.0,225000000.0,,,0.0614498319731156
315189,DEERE & CO,2016,57947600000.0,1940000000.0,49000000.0,,,0.0334785219750257
315189,DEERE & CO,2017,5659000000.0,194000000.0,5525000000.0,,,0.0342816752076338
315189,DEERE & CO,2018,42596000000.0,1523900000.0,229000000.0,,,0.0357756596863555
315189,DEERE & CO,2019,9359000000.0,-84000000.0,5539000000.0,,,-0.0089753178758414
315189,DEERE & CO,2020,70108000000.0,721000000.0,3621000000.0,,,0.0102841330518628
320193,APPLE INC,2010,36171000000.0,8235000000.0,3981000000.0,1690.0,1610000.0,0.227668574272207
320193,APPLE INC,2011,3807000000.0,0.0,13859000000.0,1690.0,2260000.0,0.0
320193,APPLE INC,2012,1710000000.0,25922000000.0,2573000000.0,1690.0,1970000.0,15.15906432748538
320193,APPLE INC,2013,188086000000.0,13064000000.0,12890000000.0,1690.0,3370000.0,0.0694575885499186
320193,APPLE INC,2014,9352000000.0,8467000000.0,60949000000.0,1690.0,4110000.0,0.9053678357570571
320193,APPLE INC,2015,290479000000.0,0.0,45646000000.0,1690.0,4480000.0,0.0
320193,APPLE INC,2016,321686000000.0,0.0,49605000000.0,1690.0,4670000.0,0.0
320193,APPLE INC,2017,321686000000.0,53394000000.0,50557000000.0,1690.0,7070000.0,0.1659817337403555
320193,APPLE INC,2018,375319000000.0,17891000000.0,16928000000.0,1690.0,6620000.0,0.0476687830885193
320193,APPLE INC,2019,338516000000.0,55256000000.0,114230000000.0,1690.0,7350000.0,0.1632300984296163
320193,APPLE INC,2020,323888000000.0,22236000000.0,25740000000.0,1690.0,6650000.0,0.068653361655881
356309,NEW JERSEY RESOURCES CORP,2010,2321030000.0,109168000.0,,7849.0,,0.0470342908105453
356309,NEW JERSEY RESOURCES CORP,2011,645000.0,101299000.0,,7849.0,,157.05271317829457
356309,NEW JERSEY RESOURCES CORP,2012,157779000.0,57357000.0,,7849.0,,0.3635274656323085
356309,NEW JERSEY RESOURCES CORP,2013,2770005000.0,92879000.0,,7849.0,,0.0335302643858043
356309,NEW JERSEY RESOURCES CORP,2014,-58971000.0,-20021000.0,,7849.0,,0.3395058588119584
356309,NEW JERSEY RESOURCES CORP,2015,526475000.0,-14274000.0,,7849.0,,-0.0271123984994539
356309,NEW JERSEY RESOURCES CORP,2016,3704641000.0,-17363000.0,,7849.0,,-0.0046868239054742
356309,NEW JERSEY RESOURCES CORP,2017,3284357000.0,73354000.0,,7849.0,,0.022334356466121
356309,NEW JERSEY RESOURCES CORP,2018,398277000.0,131672000.0,,7849.0,,0.3306040770619443
356309,NEW JERSEY RESOURCES CORP,2019,104411000.0,169505000.0,,7849.0,,1.6234400589976152
356309,NEW JERSEY RESOURCES CORP,2020,5636185000.0,233436000.0,,7849.0,,0.0414173771797767
711404,COOPER COMPANIES INC,2010,2525018000.0,100548000.0,1158517000.0,37895.0,,0.0398207062286288
711404,COOPER COMPANIES INC,2010,2525018000.0,100548000.0,1158517000.0,37895.0,,0.0398207062286288
711404,COOPER COMPANIES INC,2011,62124000.0,0.0,0.0,37895.0,,0.0
711404,COOPER COMPANIES INC,2011,62124000.0,0.0,0.0,37895.0,,0.0
711404,COOPER COMPANIES INC,2012,2525018000.0,54623000.0,360909000.0,37895.0,,0.0216327170737
711404,COOPER COMPANIES INC,2012,2525018000.0,54623000.0,360909000.0,37895.0,,0.0216327170737
711404,COOPER COMPANIES INC,2013,2251476000.0,175430000.0,0.0,37895.0,,0.0779177748286013
711404,COOPER COMPANIES INC,2013,2251476000.0,175430000.0,0.0,37895.0,,0.0779177748286013
711404,COOPER COMPANIES INC,2014,3137261000.0,88951000.0,379839000.0,37895.0,,0.0283530761387082
711404,COOPER COMPANIES INC,2014,3137261000.0,88951000.0,379839000.0,37895.0,,0.0283530761387082
711404,COOPER COMPANIES INC,2015,674800000.0,45000000.0,0.0,37895.0,,0.0666864256075874
711404,COOPER COMPANIES INC,2015,674800000.0,45000000.0,0.0,37895.0,,0.0666864256075874
711404,COOPER COMPANIES INC,2016,3699600000.0,269856000.0,0.0,37895.0,,0.0729419396691534
711404,COOPER COMPANIES INC,2016,3699600000.0,269856000.0,0.0,37895.0,,0.0729419396691534
711404,COOPER COMPANIES INC,2017,4478600000.0,372900000.0,1966800000.0,37895.0,,0.0832626267137051
711404,COOPER COMPANIES INC,2017,4478600000.0,372900000.0,1966800000.0,37895.0,,0.0832626267137051
711404,COOPER COMPANIES INC,2018,189100000.0,273900000.0,389600000.0,37895.0,,1.448439978847171
711404,COOPER COMPANIES INC,2018,189100000.0,273900000.0,389600000.0,37895.0,,1.448439978847171
711404,"COOPER COMPANIES, INC.",2019,3562600000.0,122400000.0,250400000.0,37895.0,,0.0343569303317801
711404,"COOPER COMPANIES, INC.",2019,3562600000.0,122400000.0,250400000.0,37895.0,,0.0343569303317801
711404,"COOPER COMPANIES, INC.",2020,4236300000.0,466700000.0,524900000.0,37895.0,,0.1101668909189623
711404,"COOPER COMPANIES, INC.",2020,4236300000.0,466700000.0,524900000.0,37895.0,,0.1101668909189623
720005,RAYMOND JAMES FINANCIAL INC,2010,18226728000.0,152750000.0,2602519000.0,,,0.0083805497070017
720005,RAYMOND JAMES FINANCIAL INC,2011,41680000.0,-1344000.0,2602519000.0,,,-0.0322456813819577
720005,RAYMOND JAMES FINANCIAL INC,2012,176919000.0,295869000.0,1903101000.0,,,1.6723415800451054
720005,RAYMOND JAMES FINANCIAL INC,2013,26415000.0,278353000.0,23726000.0,,,10.53768692031043
720005,RAYMOND JAMES FINANCIAL INC,2014,1965648000.0,70000.0,21349000.0,,,3.561166597478287e-05
720005,RAYMOND JAMES FINANCIAL INC,2015,186170000.0,4001000.0,33749000.0,,,0.0214911102755546
720005,RAYMOND JAMES FINANCIAL INC,2016,36669000.0,-10000.0,-71791000.0,,,-0.0002727099184597
720005,RAYMOND JAMES FINANCIAL INC,2017,20611898000.0,636235000.0,66967000.0,,,0.0308673660232551
720005,RAYMOND JAMES FINANCIAL INC,2018,1757094000.0,529350000.0,404421000.0,,,0.3012644741829407
720005,RAYMOND JAMES FINANCIAL INC,2019,37413000000.0,636000000.0,488000000.0,,,0.0169994386977788
720005,RAYMOND JAMES FINANCIAL INC,2020,47482000000.0,857000000.0,-187000000.0,,,0.0180489448633166
731802,ATMOS ENERGY CORP,2010,6367083000.0,190978000.0,,4383.0,,0.0299945830767401
731802,ATMOS ENERGY CORP,2011,6586130000.0,207601000.0,,4383.0,,0.0315209386999649
731802,ATMOS ENERGY CORP,2012,7098160000.0,0.0,,4383.0,,0.0
731802,ATMOS ENERGY CORP,2013,-1605013000.0,216717000.0,,4383.0,,-0.135025074563259
731802,ATMOS ENERGY CORP,2014,8390006000.0,68260000.0,,4383.0,,0.0081358702246458
731802,ATMOS ENERGY CORP,2015,655129000.0,289817000.0,,4383.0,,0.4423815767581652
731802,ATMOS ENERGY CORP,2016,9549778000.0,0.0,,4383.0,,0.0
731802,ATMOS ENERGY CORP,2017,10749596000.0,233830000.0,,4383.0,,0.0217524453942269
731802,ATMOS ENERGY CORP,2018,-1922169000.0,396421000.0,-312326000.0,4383.0,110000.0,-0.206236288276421
731802,ATMOS ENERGY CORP,2019,-2491445000.0,80466000.0,3003047000.0,4383.0,,-0.0322969200604468
731802,ATMOS ENERGY CORP,2020,15359032000.0,511406000.0,2626993000.0,4383.0,,0.0332967598478862
737758,TORO CO,2010,872682000.0,,1878184000.0,,,
737758,TORO CO,2011,870663000.0,,331358000.0,,,
737758,TORO CO,2012,497388000.0,,368094000.0,,,
737758,TORO CO,2013,202222000.0,,1529470000.0,,,
737758,TORO CO,2014,1192415000.0,,1425259000.0,,,
737758,TORO CO,2015,1192415000.0,,474211000.0,,,
737758,TORO CO,2016,217093000.0,,2390875000.0,,,
737758,TORO CO,2017,217093000.0,,669131000.0,,,
737758,TORO CO,2018,455605000.0,,579588000.0,,,
737758,TORO CO,2019,199273000.0,,673247000.0,,,
737758,TORO CO,2020,630323000.0,38266000.0,34613000.0,,,0.0607085573586875
771497,ABM INDUSTRIES INC /DE/,2010,1521153000.0,45434000.0,,1410.0,,0.0298681329228552
771497,ABM INDUSTRIES INC /DE/,2011,313772000.0,68504000.0,,1410.0,,0.2183241334472164
771497,ABM INDUSTRIES INC /DE/,2012,1869251000.0,27663000.0,,1410.0,,0.0147989756324859
771497,ABM INDUSTRIES INC /DE/,2013,287909000.0,24168000.0,,1410.0,,0.0839431903830724
771497,ABM INDUSTRIES INC /DE/,2014,334900000.0,13400000.0,,1410.0,,0.0400119438638399
771497,ABM INDUSTRIES INC /DE/,2015,231900000.0,13100000.0,,1410.0,,0.0564898663216903
771497,ABM INDUSTRIES INC /DE/,2016,2130700000.0,57200000.0,,1410.0,,0.0268456375838926
771497,ABM INDUSTRIES INC /DE/,2017,2278800000.0,-3600000.0,,1410.0,,-0.0015797788309636
771497,ABM INDUSTRIES INC /DE/,2018,3812600000.0,57200000.0,,1410.0,25000.0,0.015002885170225
771497,ABM INDUSTRIES INC /DE/,2019,3692600000.0,29700000.0,593200000.0,1410.0,25000.0,0.008043113253534
771497,ABM INDUSTRIES INC /DE/,2020,3776900000.0,300000.0,99900000.0,1410.0,25000.0,7.943022055124573e-05
775158,OSHKOSH CORP,2010,4768000000.0,790000000.0,6877700000.0,11721.0,240000.0,0.1656879194630872
775158,OSHKOSH CORP,2011,876400000.0,-1109100000.0,1042300000.0,11721.0,60000.0,-1.265518028297581
775158,OSHKOSH CORP,2012,1766500000.0,790000000.0,783100000.0,11721.0,,0.4472120011321823
775158,OSHKOSH CORP,2013,537100000.0,304500000.0,39000000.0,11721.0,,0.5669335319307391
775158,OSHKOSH CORP,2014,398000000.0,289700000.0,892300000.0,11721.0,,0.7278894472361809
775158,OSHKOSH CORP,2015,40700000.0,,0.0,11721.0,,
775158,OSHKOSH CORP,2016,419800000.0,,1724500000.0,11721.0,60000.0,
775158,OSHKOSH CORP,2017,543900000.0,,6279200000.0,11721.0,80000.0,
775158,OSHKOSH CORP,2018,541000000.0,,0.0,11721.0,80000.0,
775158,OSHKOSH CORP,2019,2207200000.0,,1254900000.0,11721.0,60000.0,
775158,OSHKOSH CORP,2020,2317200000.0,,-24600000.0,11721.0,60000.0,
785786,PLEXUS CORP,2010,1290379000.0,46327000.0,1841622000.0,,,0.0359018551913817
785786,PLEXUS CORP,2011,495639000.0,26607000.0,1108000.0,,,0.0536822162904856
785786,PLEXUS CORP,2012,88420000.0,18323000.0,1156347000.0,,,0.2072268717484732
785786,PLEXUS CORP,2013,111977000.0,23533000.0,237632000.0,,,0.21015922912741
785786,PLEXUS CORP,2014,881426000.0,82259000.0,1255851000.0,,,0.0933249075929232
785786,PLEXUS CORP,2015,1609026000.0,18516000.0,-160924000.0,,,0.0115075828482572
785786,PLEXUS CORP,2016,1009917000.0,23079000.0,1188068000.0,,,0.0228523730167924
785786,PLEXUS CORP,2017,1976182000.0,26099000.0,616664000.0,,,0.0132067795375122
785786,PLEXUS CORP,2018,155544000.0,26501000.0,1161851000.0,,,0.1703762279483618
785786,PLEXUS CORP,2019,209541000.0,1506000.0,,,,0.0071871376007559
785786,PLEXUS CORP,2020,209541000.0,117479000.0,,,,0.5606492285519302
794170,TOLL BROTHERS INC,2010,5171555000.0,-297810000.0,,12395.0,,-0.0575861612223016
794170,TOLL BROTHERS INC,2010,5171555000.0,-297810000.0,,12395.0,,-0.0575861612223016
794170,TOLL BROTHERS INC,2011,395011000.0,-237089000.0,,12395.0,,-0.6002086017857731
794170,TOLL BROTHERS INC,2011,395011000.0,-237089000.0,,12395.0,,-0.6002086017857731
794170,TOLL BROTHERS INC,2012,650844000.0,39795000.0,,12395.0,,0.0611436842008223
794170,TOLL BROTHERS INC,2012,650844000.0,39795000.0,,12395.0,,0.0611436842008223
794170,TOLL BROTHERS INC,2013,800268000.0,,,12395.0,,
794170,TOLL BROTHERS INC,2013,800268000.0,,,12395.0,,
794170,TOLL BROTHERS INC,2014,1713779000.0,,,12395.0,,
794170,TOLL BROTHERS INC,2014,1713779000.0,,,12395.0,,
794170,TOLL BROTHERS INC,2015,1400394000.0,19485000.0,,12395.0,,0.0139139413622166
794170,TOLL BROTHERS INC,2015,1400394000.0,19485000.0,,12395.0,,0.0139139413622166
794170,TOLL BROTHERS INC,2016,1580217000.0,114378000.0,,12395.0,,0.0723811982784642
794170,TOLL BROTHERS INC,2016,1580217000.0,114378000.0,,12395.0,,0.0723811982784642
794170,TOLL BROTHERS INC,2017,9736789000.0,105483000.0,,12395.0,,0.0108334482754016
794170,TOLL BROTHERS INC,2017,9736789000.0,105483000.0,,12395.0,,0.0108334482754016
794170,TOLL BROTHERS INC,2018,1121013000.0,24911000.0,,12395.0,,0.0222218654020961
794170,TOLL BROTHERS INC,2018,1121013000.0,24911000.0,,12395.0,,0.0222218654020961
794170,"TOLL BROTHERS, INC.",2019,970854000.0,-6937000.0,,12395.0,,-0.0071452556203095
794170,"TOLL BROTHERS, INC.",2019,970854000.0,-6937000.0,,12395.0,,-0.0071452556203095
794170,"TOLL BROTHERS, INC.",2020,1427523000.0,446624000.0,,12395.0,,0.3128664126602513
794170,"TOLL BROTHERS, INC.",2020,1427523000.0,446624000.0,,12395.0,,0.3128664126602513
794172,MERIDIAN BIOSCIENCE INC,2010,154785000.0,,148274000.0,,,
794172,MERIDIAN BIOSCIENCE INC,2011,90388000.0,,41059000.0,,,
794172,MERIDIAN BIOSCIENCE INC,2012,2675000.0,,143000000.0,,,
794172,MERIDIAN BIOSCIENCE INC,2013,14220000.0,,38403000.0,,,
794172,MERIDIAN BIOSCIENCE INC,2014,111719000.0,8474000.0,188832000.0,,,0.0758510190746426
794172,MERIDIAN BIOSCIENCE INC,2015,176748000.0,34743000.0,194830000.0,,,0.1965679951116844
794172,MERIDIAN BIOSCIENCE INC,2016,67834000.0,35540000.0,1003000.0,,,0.5239260547807884
794172,MERIDIAN BIOSCIENCE INC,2017,69938000.0,5726000.0,196082000.0,,,0.0818725156567245
794172,MERIDIAN BIOSCIENCE INC,2018,66624000.0,32229000.0,1471000.0,,,0.4837445965417867
794172,MERIDIAN BIOSCIENCE INC,2019,14816000.0,24382000.0,64332000.0,,,1.6456533477321815
794172,MERIDIAN BIOSCIENCE INC,2020,6807000.0,23849000.0,121596000.0,,,3.5035992360805053
804328,QUALCOMM INC/DE,2010,142000000.0,3160000000.0,10991000000.0,61737.0,1330000.0,22.253521126760564
804328,QUALCOMM INC/DE,2011,142000000.0,999000000.0,10000000.0,61737.0,2260000.0,7.035211267605634
804328,QUALCOMM INC/DE,2012,1085000000.0,0.0,3659000000.0,61737.0,1710000.0,0.0
804328,QUALCOMM INC/DE,2013,45516000000.0,6109000000.0,24866000000.0,61737.0,2930000.0,0.1342165392389489
804328,QUALCOMM INC/DE,2014,48574000000.0,2238000000.0,597000000.0,61737.0,3040000.0,0.0460740313748095
804328,QUALCOMM INC/DE,2015,45516000000.0,1894000000.0,181000000.0,61737.0,4240000.0,0.0416117409262676
804328,QUALCOMM INC/DE,2016,812000000.0,5271000000.0,25281000000.0,61737.0,2730000.0,6.491379310344827
804328,QUALCOMM INC/DE,2017,50796000000.0,1498000000.0,3918000000.0,61737.0,4973000.0,0.0294905110638632
804328,QUALCOMM INC/DE,2018,1037000000.0,866000000.0,311000000.0,61737.0,5550000.0,0.8351012536162006
804328,QUALCOMM INC/DE,2019,2307000000.0,0.0,14579000000.0,61737.0,5900000.0,0.0
804328,QUALCOMM INC/DE,2020,2307000000.0,5198000000.0,9793000000.0,61737.0,5670000.0,2.253142609449501
807882,JACK IN THE BOX INC /NEW/,2010,1407092000.0,119279000.0,2297531000.0,,,0.0847698657941342
807882,JACK IN THE BOX INC /NEW/,2011,1407092000.0,118408000.0,168424000.0,,,0.0841508586503227
807882,JACK IN THE BOX INC /NEW/,2012,1463725000.0,57651000.0,1252028000.0,,,0.0393864967804744
807882,JACK IN THE BOX INC /NEW/,2013,1463725000.0,51152000.0,337981000.0,,,0.0349464551059796
807882,JACK IN THE BOX INC /NEW/,2014,1319209000.0,88950000.0,350329000.0,,,0.0674267686166483
807882,JACK IN THE BOX INC /NEW/,2015,1270665000.0,23005000.0,356888000.0,,,0.0181046932118221
807882,JACK IN THE BOX INC /NEW/,2016,1348791000.0,33221000.0,1162258000.0,,,0.0246302058658457
807882,JACK IN THE BOX INC /NEW/,2017,1228421000.0,36351000.0,395141000.0,,,0.0295916465120671
807882,JACK IN THE BOX INC /NEW/,2018,1234745000.0,33094000.0,789040000.0,,,0.026802295210752
807882,JACK IN THE BOX INC /NEW/,2019,946766000.0,135332000.0,336807000.0,,,0.1429413392538388
807882,JACK IN THE BOX INC /NEW/,2020,958483000.0,94437000.0,169811000.0,,,0.0985275690857323
808450,NAVISTAR INTERNATIONAL CORP,2010,9730000000.0,320000000.0,14724000000.0,6081.0,,0.0328879753340185
808450,NAVISTAR INTERNATIONAL CORP,2011,3580000000.0,129000000.0,291000000.0,6081.0,240000.0,0.0360335195530726
808450,NAVISTAR INTERNATIONAL CORP,2012,811000000.0,1723000000.0,949000000.0,6081.0,300000.0,2.124537607891492
808450,NAVISTAR INTERNATIONAL CORP,2013,2250000000.0,476000000.0,13641000000.0,6081.0,240000.0,0.2115555555555555
808450,NAVISTAR INTERNATIONAL CORP,2014,806000000.0,2432000000.0,2621000000.0,6081.0,,3.0173697270471465
808450,NAVISTAR INTERNATIONAL CORP,2015,-6707000000.0,-238000000.0,2421000000.0,6081.0,,0.0354853138512002
808450,NAVISTAR INTERNATIONAL CORP,2016,7975000000.0,21000000.0,7699000000.0,6081.0,,0.0026332288401253
808450,NAVISTAR INTERNATIONAL CORP,2017,407000000.0,30000000.0,2427000000.0,6081.0,,0.0737100737100737
808450,NAVISTAR INTERNATIONAL CORP,2018,1621000000.0,30000000.0,2427000000.0,6081.0,,0.0185070943861813
808450,NAVISTAR INTERNATIONAL CORP,2019,7141000000.0,340000000.0,542000000.0,6081.0,,0.0476123792185968
808450,NAVISTAR INTERNATIONAL CORP,2020,1705000000.0,-347000000.0,688000000.0,6081.0,,-0.2035190615835777
814547,FAIR ISAAC CORP,2010,1303888000.0,64457000.0,605643000.0,13824.0,,0.0494344606285202
814547,FAIR ISAAC CORP,2011,1129468000.0,64457000.0,68088000.0,13824.0,,0.0570684605495684
814547,FAIR ISAAC CORP,2012,1158611000.0,21246000.0,396036000.0,13824.0,,0.0183374747866194
814547,FAIR ISAAC CORP,2013,1158611000.0,71562000.0,170349000.0,13824.0,,0.0617653379779753
814547,FAIR ISAAC CORP,2014,1161547000.0,28557000.0,179325000.0,13824.0,,0.0245853159622469
814547,FAIR ISAAC CORP,2015,1230163000.0,20548000.0,105500000.0,13824.0,,0.0167034775066393
814547,FAIR ISAAC CORP,2016,1230163000.0,86502000.0,186469000.0,13824.0,,0.0703175107688981
814547,FAIR ISAAC CORP,2017,1220676000.0,128256000.0,112648000.0,13824.0,,0.1050696499316772
814547,FAIR ISAAC CORP,2018,1255620000.0,142415000.0,881356000.0,13824.0,,0.1134220544432232
814547,FAIR ISAAC CORP,2019,1433448000.0,128256000.0,5035000.0,13824.0,,0.0894737723307716
814547,FAIR ISAAC CORP,2020,1606240000.0,59126000.0,300044000.0,13824.0,,0.0368101902579938
825542,SCOTTS MIRACLE-GRO CO,2010,2164000000.0,153300000.0,3139900000.0,60800.0,,0.0708410351201478
825542,SCOTTS MIRACLE-GRO CO,2011,315500000.0,153300000.0,1172600000.0,60800.0,,0.4858954041204437
825542,SCOTTS MIRACLE-GRO CO,2012,216500000.0,-228400000.0,2649700000.0,60800.0,,-1.0549653579676674
825542,SCOTTS MIRACLE-GRO CO,2013,2074400000.0,100000000.0,2317400000.0,60800.0,,0.048206710374084
825542,SCOTTS MIRACLE-GRO CO,2014,1509200000.0,-65700000.0,454300000.0,60800.0,,-0.0435329976146302
825542,SCOTTS MIRACLE-GRO CO,2015,191300000.0,-202400000.0,1116400000.0,60800.0,,-1.0580240460010455
825542,SCOTTS MIRACLE-GRO CO,2016,636800000.0,180200000.0,64100000.0,60800.0,,0.2829773869346734
825542,SCOTTS MIRACLE-GRO CO,2017,298000000.0,-267800000.0,153000000.0,60800.0,,-0.8986577181208054
825542,SCOTTS MIRACLE-GRO CO,2018,571200000.0,-357600000.0,191400000.0,60800.0,,-0.6260504201680672
825542,SCOTTS MIRACLE-GRO CO,2019,1765100000.0,201700000.0,287900000.0,60800.0,,0.1142711461107019
825542,SCOTTS MIRACLE-GRO CO,2020,1100100000.0,387400000.0,20000000.0,60800.0,,0.3521498045632215
829224,STARBUCKS CORP,2010,71100000.0,390800000.0,947100000.0,25434.0,,5.49648382559775
829224,STARBUCKS CORP,2011,1071300000.0,1245700000.0,9774600000.0,25434.0,,1.1627928684775506
829224,STARBUCKS CORP,2012,4525600000.0,1383800000.0,10707400000.0,25434.0,0.0,0.3057716103942018
829224,STARBUCKS CORP,2013,467400000.0,1245700000.0,0.0,25434.0,0.0,2.6651690201112537
829224,STARBUCKS CORP,2014,10752900000.0,1383800000.0,1273000000.0,25434.0,,0.1286908647899636
829224,STARBUCKS CORP,2015,4549300000.0,983100000.0,4153700000.0,25434.0,,0.2160991800936408
829224,STARBUCKS CORP,2016,2521400000.0,983100000.0,2154200000.0,25434.0,,0.3899024351550725
829224,STARBUCKS CORP,2017,7257800000.0,801000000.0,3495000000.0,25434.0,,0.1103640221554741
829224,STARBUCKS CORP,2018,3327200000.0,751800000.0,335300000.0,25434.0,90000.0,0.2259557585958163
829224,STARBUCKS CORP,2019,14365600000.0,3599200000.0,17409400000.0,25434.0,120000.0,0.2505429637467283
829224,STARBUCKS CORP,2020,4446700000.0,-678400000.0,6190700000.0,25434.0,200000.0,-0.1525625744934445
831641,TETRA TECH INC,2010,1381689000.0,,,24783.0,,
831641,TETRA TECH INC,2011,618025000.0,,,24783.0,,
831641,TETRA TECH INC,2012,-189656000.0,,,24783.0,,
831641,TETRA TECH INC,2013,1671030000.0,,,24783.0,,
831641,TETRA TECH INC,2014,1799092000.0,,,24783.0,,
831641,TETRA TECH INC,2015,792392000.0,,,24783.0,,
831641,TETRA TECH INC,2016,308438000.0,,,24783.0,,
831641,TETRA TECH INC,2017,555485000.0,,,24783.0,,
831641,TETRA TECH INC,2018,478197000.0,,764643000.0,24783.0,,
831641,TETRA TECH INC,2019,25683000.0,,1509901000.0,24783.0,,
831641,TETRA TECH INC,2020,2378558000.0,,722621000.0,24783.0,,
833444,JOHNSON CONTROLS INTERNATIONAL PLC,2016,0.0,-313000000.0,22032000000.0,6268.0,30000.0,
833444,JOHNSON CONTROLS INTERNATIONAL PLC,2016,0.0,-313000000.0,22032000000.0,10787.0,130000.0,
833444,JOHNSON CONTROLS INTERNATIONAL PLC,2016,0.0,-313000000.0,22032000000.0,10787.0,130000.0,
833444,JOHNSON CONTROLS INTERNATIONAL PLC,2017,39288000000.0,-1743000000.0,315000000.0,6268.0,,-0.0443646915088576
833444,JOHNSON CONTROLS INTERNATIONAL PLC,2017,39288000000.0,-1743000000.0,315000000.0,10787.0,,-0.0443646915088576
833444,JOHNSON CONTROLS INTERNATIONAL PLC,2017,39288000000.0,-1743000000.0,315000000.0,10787.0,,-0.0443646915088576
833444,JOHNSON CONTROLS INTERNATIONAL PLC,2018,2521000000.0,2162000000.0,4687000000.0,6268.0,,0.8575961919873066
833444,JOHNSON CONTROLS INTERNATIONAL PLC,2018,2521000000.0,2162000000.0,4687000000.0,10787.0,,0.8575961919873066
833444,JOHNSON CONTROLS INTERNATIONAL PLC,2018,2521000000.0,2162000000.0,4687000000.0,10787.0,,0.8575961919873066
833444,JOHNSON CONTROLS INTERNATIONAL PLC,2019,13945000000.0,5674000000.0,8624000000.0,6268.0,,0.4068841878809609
833444,JOHNSON CONTROLS INTERNATIONAL PLC,2019,13945000000.0,5674000000.0,8624000000.0,10787.0,,0.4068841878809609
833444,JOHNSON CONTROLS INTERNATIONAL PLC,2019,13945000000.0,5674000000.0,8624000000.0,10787.0,,0.4068841878809609
833444,JOHNSON CONTROLS INTERNATIONAL PLC,2020,13882000000.0,631000000.0,1075000000.0,6268.0,60000.0,0.0454545454545454
833444,JOHNSON CONTROLS INTERNATIONAL PLC,2020,13882000000.0,631000000.0,1075000000.0,10787.0,,0.0454545454545454
833444,JOHNSON CONTROLS INTERNATIONAL PLC,2020,13882000000.0,631000000.0,1075000000.0,10787.0,,0.0454545454545454
833444,TYCO INTERNATIONAL LTD,2010,1935000000.0,-1798000000.0,1399000000.0,6268.0,120000.0,-0.9291989664082688
833444,TYCO INTERNATIONAL LTD,2010,1935000000.0,-1798000000.0,1399000000.0,10787.0,200000.0,-0.9291989664082688
833444,TYCO INTERNATIONAL LTD,2010,1935000000.0,-1798000000.0,1399000000.0,10787.0,200000.0,-0.9291989664082688
833444,TYCO INTERNATIONAL LTD,2011,779000000.0,-1798000000.0,4691000000.0,6268.0,120000.0,-2.3080872913992296
833444,TYCO INTERNATIONAL LTD,2011,779000000.0,-1798000000.0,4691000000.0,10787.0,200000.0,-2.3080872913992296
833444,TYCO INTERNATIONAL LTD,2011,779000000.0,-1798000000.0,4691000000.0,10787.0,200000.0,-2.3080872913992296
833444,TYCO INTERNATIONAL LTD,2012,21455000000.0,-3604000000.0,2766000000.0,6268.0,60000.0,-0.1679794919599161
833444,TYCO INTERNATIONAL LTD,2012,21455000000.0,-3604000000.0,2766000000.0,10787.0,200000.0,-0.1679794919599161
833444,TYCO INTERNATIONAL LTD,2012,21455000000.0,-3604000000.0,2766000000.0,10787.0,200000.0,-0.1679794919599161
833444,TYCO INTERNATIONAL LTD,2013,3884000000.0,599000000.0,4341000000.0,6268.0,150000.0,0.1542224510813594
833444,TYCO INTERNATIONAL LTD,2013,3884000000.0,599000000.0,4341000000.0,10787.0,200000.0,0.1542224510813594
833444,TYCO INTERNATIONAL LTD,2013,3884000000.0,599000000.0,4341000000.0,10787.0,200000.0,0.1542224510813594
833444,TYCO INTERNATIONAL LTD,2014,12789000000.0,536000000.0,1162000000.0,6268.0,110000.0,0.0419110172804754
833444,TYCO INTERNATIONAL LTD,2014,12789000000.0,536000000.0,1162000000.0,10787.0,200000.0,0.0419110172804754
833444,TYCO INTERNATIONAL LTD,2014,12789000000.0,536000000.0,1162000000.0,10787.0,200000.0,0.0419110172804754
833444,TYCO INTERNATIONAL PLC,2015,-52897000000.0,1861000000.0,0.0,6268.0,,-0.0351815792956122
833444,TYCO INTERNATIONAL PLC,2015,-52897000000.0,1861000000.0,0.0,10787.0,200000.0,-0.0351815792956122
833444,TYCO INTERNATIONAL PLC,2015,-52897000000.0,1861000000.0,0.0,10787.0,200000.0,-0.0351815792956122
857005,PARAMETRIC TECHNOLOGY CORP,2010,1307064000.0,31522000.0,1070330000.0,18699.0,,0.0241166461626974
857005,PARAMETRIC TECHNOLOGY CORP,2011,1629682000.0,24368000.0,466532000.0,18699.0,10000.0,0.0149526103865662
857005,PARAMETRIC TECHNOLOGY CORP,2012,1629682000.0,-35398000.0,429215000.0,18699.0,60000.0,-0.0217208019724093
857005,PTC INC.,2013,1828906000.0,85424000.0,604339000.0,18699.0,45000.0,0.0467077039497929
857005,PTC INC.,2014,1828906000.0,160194000.0,148151000.0,18699.0,,0.0875900675048362
857005,PTC INC.,2015,2199954000.0,143769000.0,1255242000.0,18699.0,,0.065350911882703
857005,PTC INC.,2016,2209913000.0,160194000.0,200300000.0,18699.0,,0.0724888264832145
857005,PTC INC.,2017,2345729000.0,6239000.0,893606000.0,18699.0,,0.0026597275303327
857005,PTC INC.,2018,2360384000.0,-54465000.0,1140533000.0,18699.0,,-0.023074635313576
857005,PTC INC.,2019,2471908000.0,-27460000.0,1311494000.0,18699.0,,-0.0111088276748163
857005,PTC INC.,2020,3382738000.0,-27460000.0,244736000.0,18699.0,,-0.0081176845502075
859737,HOLOGIC INC,2010,5625834000.0,-2216642000.0,1674499000.0,62336.0,80000.0,-0.3940112701512344
859737,HOLOGIC INC,2011,5625834000.0,10940000.0,418112000.0,62336.0,160000.0,0.0019446005694444
859737,HOLOGIC INC,2012,1770107000.0,-40273000.0,571263000.0,62336.0,160000.0,-0.0227517319574466
859737,HOLOGIC INC,2013,688511000.0,-73634000.0,728057000.0,62336.0,160000.0,-0.1069467299723606
859737,HOLOGIC INC,2014,1397100000.0,3100000.0,0.0,62336.0,160000.0,0.0022188819697945
859737,HOLOGIC INC,2015,932200000.0,11300000.0,655500000.0,62336.0,160000.0,0.0121218622613173
859737,HOLOGIC INC,2016,809100000.0,84800000.0,2705000000.0,62336.0,160000.0,0.1048078111481893
859737,HOLOGIC INC,2017,3771900000.0,330800000.0,207500000.0,62336.0,160000.0,0.0877011585673003
859737,HOLOGIC INC,2018,30900000.0,50500000.0,1236900000.0,62336.0,160000.0,1.6343042071197411
859737,HOLOGIC INC,2019,1751200000.0,406700000.0,,62336.0,160000.0,0.2322407492005481
859737,HOLOGIC INC,2020,159300000.0,1115200000.0,,62336.0,160000.0,7.0006277463904585
866706,ESCO TECHNOLOGIES INC,2010,923687000.0,44846000.0,613566000.0,23224.0,,0.0485510784497345
866706,ESCO TECHNOLOGIES INC,2011,88600000.0,23897000.0,28200000.0,23224.0,,0.2697178329571106
866706,ESCO TECHNOLOGIES INC,2012,203600000.0,13227000.0,138400000.0,23224.0,,0.0649656188605108
866706,ESCO TECHNOLOGIES INC,2013,1092328000.0,46879000.0,184500000.0,23224.0,,0.0429165964801781
866706,ESCO TECHNOLOGIES INC,2014,114600000.0,1559000.0,110518000.0,23224.0,,0.0136038394415357
866706,ESCO TECHNOLOGIES INC,2015,501200000.0,410000.0,123600.0,23224.0,,0.0008180367118914
866706,ESCO TECHNOLOGIES INC,2016,110900000.0,0.0,153612000.0,23224.0,,0.0
866706,ESCO TECHNOLOGIES INC,2017,978371000.0,11528000.0,71600000.0,23224.0,,0.0117828512905636
866706,ESCO TECHNOLOGIES INC,2018,175500000.0,45882000.0,207800000.0,23224.0,,0.2614358974358974
866706,ESCO TECHNOLOGIES INC,2019,154200000.0,53703000.0,447833000.0,23224.0,,0.3482684824902723
866706,ESCO TECHNOLOGIES INC,2020,153000000.0,81039000.0,86200000.0,23224.0,,0.5296666666666666
866787,AUTOZONE INC,2010,5318405000.0,268933000.0,1275615000.0,,,0.0505664762273651
866787,AUTOZONE INC,2011,42317000.0,268933000.0,1200700000.0,,,6.355200037809864
866787,AUTOZONE INC,2012,5531955000.0,738311000.0,2792610000.0,,,0.133462943932118
866787,AUTOZONE INC,2013,6892089000.0,371199000.0,3095414000.0,,,0.0538587066998119
866787,AUTOZONE INC,2014,6265639000.0,930373000.0,3224229000.0,,,0.148488127068923
866787,AUTOZONE INC,2015,7883720000.0,238310000.0,2260264000.0,,,0.0302281156611345
866787,AUTOZONE INC,2016,247904000.0,1069744000.0,2143651000.0,,,4.315154253259326
866787,AUTOZONE INC,2017,295410000.0,278125000.0,5100702000.0,,,0.9414881012829628
866787,AUTOZONE INC,2018,9259781000.0,1280869000.0,10261112000.0,,,0.1383260576033061
866787,AUTOZONE INC,2019,295410000.0,366721000.0,10888676000.0,,,1.2413967028875124
866787,AUTOZONE INC,2020,120445000.0,1732972000.0,11645235000.0,,,14.38807754576778
868857,AECOM,2015,3382400000.0,300000.0,,147988.0,10000.0,8.869441816461684e-05
868857,AECOM,2015,3382400000.0,300000.0,,147988.0,10000.0,8.869441816461684e-05
868857,AECOM,2016,1256400000.0,-521700000.0,,147988.0,,-0.4152340019102197
868857,AECOM,2016,1256400000.0,-521700000.0,,147988.0,,-0.4152340019102197
868857,AECOM,2017,14014300000.0,-154800000.0,,147988.0,160000.0,-0.0110458602998365
868857,AECOM,2017,14014300000.0,-154800000.0,,147988.0,160000.0,-0.0110458602998365
868857,AECOM,2018,179100000.0,96109000.0,,147988.0,510000.0,0.5366219988833054
868857,AECOM,2018,179100000.0,96109000.0,,147988.0,510000.0,0.5366219988833054
868857,AECOM,2019,14461600000.0,217200000.0,4463300000.0,147988.0,590000.0,0.0150190850251701
868857,AECOM,2019,14461600000.0,217200000.0,4463300000.0,147988.0,590000.0,0.0150190850251701
868857,AECOM,2020,197800000.0,83700000.0,13878316000.0,147988.0,240000.0,0.423154701718908
868857,AECOM,2020,197800000.0,83700000.0,13878316000.0,147988.0,240000.0,0.423154701718908
868857,AECOM TECHNOLOGY CORP,2010,3789881000.0,236887000.0,,147988.0,70000.0,0.0625051287890041
868857,AECOM TECHNOLOGY CORP,2010,3789881000.0,236887000.0,,147988.0,70000.0,0.0625051287890041
868857,AECOM TECHNOLOGY CORP,2011,533300000.0,64800000.0,,147988.0,50000.0,0.121507594224639
868857,AECOM TECHNOLOGY CORP,2011,533300000.0,64800000.0,,147988.0,50000.0,0.121507594224639
868857,AECOM TECHNOLOGY CORP,2012,5577200000.0,69400000.0,,147988.0,,0.0124435200459011
868857,AECOM TECHNOLOGY CORP,2012,5577200000.0,69400000.0,,147988.0,,0.0124435200459011
868857,AECOM TECHNOLOGY CORP,2013,5789300000.0,-58567000.0,,147988.0,,-0.0101164216744684
868857,AECOM TECHNOLOGY CORP,2013,5789300000.0,-58567000.0,,147988.0,,-0.0101164216744684
868857,AECOM TECHNOLOGY CORP,2014,598000000.0,64100000.0,,147988.0,15000.0,0.107190635451505
868857,AECOM TECHNOLOGY CORP,2014,598000000.0,64100000.0,,147988.0,15000.0,0.107190635451505
882184,HORTON D R INC /DE/,2010,6444500000.0,-2633600000.0,,,,-0.4086585460470168
882184,HORTON D R INC /DE/,2011,417600000.0,,,,,
882184,HORTON D R INC /DE/,2012,6835100000.0,,,,,
882184,HORTON D R INC /DE/,2013,527000000.0,,,,,
882184,HORTON D R INC /DE/,2014,8381200000.0,,,,,
882184,HORTON D R INC /DE/,2015,-5411900000.0,,,,,
882184,HORTON D R INC /DE/,2016,860100000.0,,,,,
882184,HORTON D R INC /DE/,2017,6300000000.0,,,,,
882184,HORTON D R INC /DE/,2018,893100000.0,289000000.0,651700000.0,,,0.3235919829806292
882184,HORTON D R INC /DE/,2019,198900000.0,886000000.0,349500000.0,,,4.454499748617396
882184,HORTON D R INC /DE/,2020,1726200000.0,431300000.0,6400400000.0,,,0.2498551732128374
883241,SYNOPSYS INC,2010,3286541000.0,167681000.0,1336951000.0,140679.0,,0.0510205106219578
883241,SYNOPSYS INC,2011,3286541000.0,237063000.0,1380661000.0,140679.0,20000.0,0.0721314597931381
883241,SYNOPSYS INC,2012,3368844000.0,237063000.0,207071000.0,140679.0,,0.0703692423870027
883241,SYNOPSYS INC,2013,4358935000.0,221364000.0,275174000.0,140679.0,,0.0507839644316788
883241,SYNOPSYS INC,2014,4775499000.0,182402000.0,521812000.0,140679.0,,0.0381953802105287
883241,SYNOPSYS INC,2015,5045739000.0,225934000.0,587159000.0,140679.0,,0.0447771872465064
883241,SYNOPSYS INC,2016,5045739000.0,225934000.0,272911000.0,140679.0,,0.0447771872465064
883241,SYNOPSYS INC,2017,5396414000.0,266826000.0,287381000.0,140679.0,,0.0494450574029346
883241,SYNOPSYS INC,2018,5396414000.0,266826000.0,1205880000.0,140679.0,,0.0494450574029346
883241,SYNOPSYS INC,2019,6145974000.0,136563000.0,3026097000.0,140679.0,,0.0222199117666296
883241,SYNOPSYS INC,2020,8030062000.0,432518000.0,3121058000.0,140679.0,,0.053862348758951
884614,UGI CORP /PA/,2010,6374300000.0,258500000.0,6648200000.0,,,0.040553472538161
884614,UGI CORP /PA/,2011,113200000.0,99300000.0,-172500000.0,,,0.877208480565371
884614,UGI CORP /PA/,2012,1686500000.0,-7200000.0,1765600000.0,,,-0.0042691965609249
884614,UGI CORP /PA/,2013,9676900000.0,-6300000.0,824700000.0,,,-0.000651034938875
884614,UGI CORP /PA/,2014,388400000.0,51400000.0,6521300000.0,,,0.1323377960865087
884614,UGI CORP /PA/,2015,643600000.0,20600000.0,1041800000.0,,,0.0320074580484773
884614,UGI CORP /PA/,2016,4351400000.0,281000000.0,1130800000.0,,,0.0645769177735901
884614,UGI CORP /PA/,2017,2994000000.0,281000000.0,40100000.0,,,0.0938543754175016
884614,UGI CORP /PA/,2018,1038200000.0,30400000.0,0.0,,,0.0292814486611442
884614,UGI CORP /PA/,2019,2975200000.0,155800000.0,1515700000.0,,,0.0523662274805055
884614,UGI CORP /PA/,2020,2775000000.0,78000000.0,1030000000.0,,,0.0281081081081081
909832,COSTCO WHOLESALE CORP /NEW,2010,16345000000.0,1283000000.0,17780000000.0,37895.0,,0.0784949525848883
909832,COSTCO WHOLESALE CORP /NEW,2011,3741000000.0,1086000000.0,14020000000.0,37895.0,,0.2902967121090617
909832,COSTCO WHOLESALE CORP /NEW,2012,2421000000.0,324000000.0,19239000000.0,37895.0,,0.1338289962825278
909832,COSTCO WHOLESALE CORP /NEW,2013,18401000000.0,609000000.0,88915000000.0,37895.0,,0.0330960273898157
909832,COSTCO WHOLESALE CORP /NEW,2014,5146000000.0,473000000.0,32487000000.0,37895.0,,0.0919160513019821
909832,COSTCO WHOLESALE CORP /NEW,2015,21929000000.0,767000000.0,12484000000.0,37895.0,,0.0349765151169684
909832,COSTCO WHOLESALE CORP /NEW,2016,7172000000.0,779000000.0,14507000000.0,37895.0,,0.1086168432794199
909832,COSTCO WHOLESALE CORP /NEW,2017,36347000000.0,2679000000.0,28099000000.0,37895.0,,0.0737062205959226
909832,COSTCO WHOLESALE CORP /NEW,2018,33163000000.0,701000000.0,630000000.0,37895.0,,0.0211380152579682
909832,COSTCO WHOLESALE CORP /NEW,2019,24068000000.0,640000000.0,138434000000.0,37895.0,,0.0265913245803556
909832,COSTCO WHOLESALE CORP /NEW,2020,45400000000.0,1389000000.0,59672000000.0,37895.0,,0.0305947136563876
936395,CIENA CORP,2010,1504383000.0,38894000.0,652629000.0,64356.0,,0.0258537885631518
936395,CIENA CORP,2011,2118093000.0,-195521000.0,1236636000.0,64356.0,,-0.0923099221799987
936395,CIENA CORP,2012,1951418000.0,-333514000.0,1236636000.0,64356.0,,-0.1709085393288367
936395,CIENA CORP,2013,1881143000.0,-144021000.0,400076000.0,64356.0,,-0.0765603678189271
936395,CIENA CORP,2014,2072632000.0,-40637000.0,128982000.0,64356.0,,-0.0196064713851759
936395,CIENA CORP,2015,2695051000.0,-85431000.0,229223000.0,64356.0,,-0.0316992145974232
936395,CIENA CORP,2016,2882442000.0,11667000.0,1480000000.0,64356.0,,0.0040476096310003
936395,CIENA CORP,2017,3951711000.0,72584000.0,497233000.0,64356.0,,0.0183677399485944
936395,CIENA CORP,2018,3951711000.0,1261953000.0,125069000.0,64356.0,,0.3193434438905072
936395,CIENA CORP,2019,3893346000.0,-7776000.0,54555000.0,64356.0,,-0.0019972537760579
936395,CIENA CORP,2020,53334000.0,253434000.0,0.0,64356.0,,4.751828102148723
1002517,"NUANCE COMMUNICATIONS, INC.",2010,3499464000.0,-19387000.0,868462000.0,61685.0,,-0.005539991267234
1002517,"NUANCE COMMUNICATIONS, INC.",2011,4095293000.0,2105000.0,950352000.0,61685.0,,0.0005140047366574
1002517,"NUANCE COMMUNICATIONS, INC.",2012,5799040000.0,-5109000.0,1118948000.0,61685.0,,-0.0008810078909612
1002517,"NUANCE COMMUNICATIONS, INC.",2013,5799040000.0,-22096000.0,431744000.0,61685.0,,-0.0038102858404149
1002517,"NUANCE COMMUNICATIONS, INC.",2014,5958603000.0,-25848000.0,1651509000.0,61685.0,,-0.004337929544895
1002517,"NUANCE COMMUNICATIONS, INC.",2015,5820284000.0,-39227000.0,475653000.0,61685.0,,-0.0067397054851618
1002517,"NUANCE COMMUNICATIONS, INC.",2016,5511909000.0,-115010000.0,475059000.0,61685.0,,-0.0208657290967612
1002517,"NUANCE COMMUNICATIONS, INC.",2017,5661470000.0,18474000.0,477851000.0,61685.0,,0.0032631101109782
1002517,"NUANCE COMMUNICATIONS, INC.",2018,5931923000.0,-33808000.0,487658000.0,61685.0,,-0.0056993322401521
1002517,"NUANCE COMMUNICATIONS, INC.",2019,5302379000.0,-20720000.0,449449000.0,61685.0,,-0.0039076799300842
1002517,"NUANCE COMMUNICATIONS, INC.",2020,5365793000.0,16662000.0,33890000.0,61685.0,,0.0031052260122595
1005210,SUBURBAN PROPANE PARTNERS LP,2010,977514000.0,165238000.0,1574163000.0,,,0.1690390112059776
1005210,SUBURBAN PROPANE PARTNERS LP,2011,44973000.0,114966000.0,1190552000.0,,,2.5563338002801683
1005210,SUBURBAN PROPANE PARTNERS LP,2012,18675000.0,1882000.0,139572000.0,,,0.1007764390896921
1005210,SUBURBAN PROPANE PARTNERS LP,2013,176956000.0,78798000.0,36767000.0,,,0.4452971360112118
1005210,SUBURBAN PROPANE PARTNERS LP,2014,16789000.0,78798000.0,114288000.0,,,4.693430222169278
1005210,SUBURBAN PROPANE PARTNERS LP,2015,3342000.0,94509000.0,127495000.0,,,28.27917414721724
1005210,SUBURBAN PROPANE PARTNERS LP,2016,13415000.0,84352000.0,1416979000.0,,,6.287886693999255
1005210,SUBURBAN PROPANE PARTNERS LP,2017,12455000.0,14440000.0,1416979000.0,,,1.1593737454837414
1005210,SUBURBAN PROPANE PARTNERS LP,2018,2147000.0,76534000.0,884169000.0,,,35.64694923148579
1005210,SUBURBAN PROPANE PARTNERS LP,2019,44279000.0,68632000.0,759468000.0,,,1.5499898371688612
1005210,SUBURBAN PROPANE PARTNERS LP,2020,1934960000.0,68632000.0,75039000.0,,,0.0354694670690867
1024478,ROCKWELL AUTOMATION INC,2010,1897100000.0,28900000.0,2609000000.0,9203.0,,0.015233777871488
1024478,ROCKWELL AUTOMATION INC,2010,1897100000.0,28900000.0,2609000000.0,9203.0,,0.015233777871488
1024478,ROCKWELL AUTOMATION INC,2011,1723500000.0,201800000.0,321000000.0,9203.0,,0.1170873223092544
1024478,ROCKWELL AUTOMATION INC,2011,1723500000.0,201800000.0,321000000.0,9203.0,,0.1170873223092544
1024478,ROCKWELL AUTOMATION INC,2012,5284900000.0,190700000.0,1267600000.0,9203.0,,0.0360839372551987
1024478,ROCKWELL AUTOMATION INC,2012,5284900000.0,190700000.0,1267600000.0,9203.0,,0.0360839372551987
1024478,ROCKWELL AUTOMATION INC,2013,2116100000.0,756300000.0,1489200000.0,9203.0,,0.3574027692453098
1024478,ROCKWELL AUTOMATION INC,2013,2116100000.0,756300000.0,1489200000.0,9203.0,,0.3574027692453098
1024478,ROCKWELL AUTOMATION INC,2014,5636500000.0,50300000.0,1591700000.0,9203.0,,0.0089239776457021
1024478,ROCKWELL AUTOMATION INC,2014,5636500000.0,50300000.0,1591700000.0,9203.0,,0.0089239776457021
1024478,ROCKWELL AUTOMATION INC,2015,294100000.0,206100000.0,3414600000.0,9203.0,,0.7007820469228153
1024478,ROCKWELL AUTOMATION INC,2015,294100000.0,206100000.0,3414600000.0,9203.0,,0.7007820469228153
1024478,ROCKWELL AUTOMATION INC,2016,2034600000.0,33900000.0,834500000.0,9203.0,,0.0166617516956649
1024478,ROCKWELL AUTOMATION INC,2016,2034600000.0,33900000.0,834500000.0,9203.0,,0.0166617516956649
1024478,ROCKWELL AUTOMATION INC,2017,1790500000.0,729700000.0,1193700000.0,9203.0,,0.4075397933538118
1024478,ROCKWELL AUTOMATION INC,2017,1790500000.0,729700000.0,1193700000.0,9203.0,,0.4075397933538118
1024478,ROCKWELL AUTOMATION INC,2018,264800000.0,729700000.0,-5500000.0,9203.0,,2.755664652567976
1024478,ROCKWELL AUTOMATION INC,2018,264800000.0,729700000.0,-5500000.0,9203.0,,2.755664652567976
1024478,"ROCKWELL AUTOMATION, INC",2019,2114800000.0,198600000.0,1651200000.0,9203.0,,0.0939095895592963
1024478,"ROCKWELL AUTOMATION, INC",2019,2114800000.0,198600000.0,1651200000.0,9203.0,,0.0939095895592963
1024478,"ROCKWELL AUTOMATION, INC",2020,2791000000.0,109500000.0,2118500000.0,9203.0,,0.0392332497312791
1024478,"ROCKWELL AUTOMATION, INC",2020,2791000000.0,109500000.0,2118500000.0,9203.0,,0.0392332497312791
1048695,F5 NETWORKS INC,2010,1068645000.0,91535000.0,653079000.0,,,0.0856551988733396
1048695,F5 NETWORKS INC,2011,1568549000.0,91535000.0,268934000.0,,,0.0583564810535086
1048695,F5 NETWORKS INC,2012,1568549000.0,55663000.0,517269000.0,,,0.0354869372904512
1048695,F5 NETWORKS INC,2013,2230554000.0,63412000.0,90521000.0,,,0.0284288118557093
1048695,F5 NETWORKS INC,2014,2184950000.0,68178000.0,777516000.0,,,0.0312034600334103
1048695,F5 NETWORKS INC,2015,2312290000.0,277314000.0,777516000.0,,,0.1199304585497493
1048695,F5 NETWORKS INC,2016,2312290000.0,365855000.0,487966000.0,,,0.1582219358298483
1048695,F5 NETWORKS INC,2017,2306323000.0,420761000.0,94767000.0,,,0.1824380193060555
1048695,F5 NETWORKS INC,2018,2476489000.0,420761000.0,1125282000.0,,,0.1699022285178734
1048695,"F5 NETWORKS, INC.",2019,3214104000.0,85905000.0,237859000.0,,,0.0267275109952882
1048695,"F5 NETWORKS, INC.",2020,3390275000.0,307441000.0,253331000.0,,,0.0906832041648538
1090872,AGILENT TECHNOLOGIES INC,2010,7612000000.0,,5444000000.0,160607.0,,
1090872,AGILENT TECHNOLOGIES INC,2010,7612000000.0,,5444000000.0,160607.0,,
1090872,AGILENT TECHNOLOGIES INC,2011,9696000000.0,,1196000000.0,160607.0,,
1090872,AGILENT TECHNOLOGIES INC,2011,9696000000.0,,1196000000.0,160607.0,,
1090872,AGILENT TECHNOLOGIES INC,2012,9057000000.0,,2784000000.0,160607.0,,
1090872,AGILENT TECHNOLOGIES INC,2012,9057000000.0,,2784000000.0,160607.0,,
1090872,AGILENT TECHNOLOGIES INC,2013,10536000000.0,,1788000000.0,160607.0,,
1090872,AGILENT TECHNOLOGIES INC,2013,10536000000.0,,1788000000.0,160607.0,,
1090872,AGILENT TECHNOLOGIES INC,2014,10831000000.0,,6782000000.0,160607.0,,
1090872,AGILENT TECHNOLOGIES INC,2014,10831000000.0,,6782000000.0,160607.0,,
1090872,AGILENT TECHNOLOGIES INC,2015,10815000000.0,,1206000000.0,160607.0,,
1090872,AGILENT TECHNOLOGIES INC,2015,10815000000.0,,1206000000.0,160607.0,,
1090872,AGILENT TECHNOLOGIES INC,2016,7479000000.0,,1307000000.0,160607.0,,
1090872,AGILENT TECHNOLOGIES INC,2016,7479000000.0,,1307000000.0,160607.0,,
1090872,AGILENT TECHNOLOGIES INC,2017,8426000000.0,,4038000000.0,160607.0,,
1090872,AGILENT TECHNOLOGIES INC,2017,8426000000.0,,4038000000.0,160607.0,,
1090872,AGILENT TECHNOLOGIES INC,2018,1267000000.0,,1420000000.0,160607.0,,
1090872,AGILENT TECHNOLOGIES INC,2018,1267000000.0,,1420000000.0,160607.0,,
1090872,"AGILENT TECHNOLOGIES, INC.",2019,9452000000.0,,664000000.0,160607.0,,
1090872,"AGILENT TECHNOLOGIES, INC.",2019,9452000000.0,,664000000.0,160607.0,,
1090872,"AGILENT TECHNOLOGIES, INC.",2020,29000000.0,,1928000000.0,160607.0,,
1090872,"AGILENT TECHNOLOGIES, INC.",2020,29000000.0,,1928000000.0,160607.0,,
1096752,EDGEWELL PERSONAL CARE CO,2015,878500000.0,146800000.0,1425900000.0,133367.0,,0.1671030165054069
1096752,EDGEWELL PERSONAL CARE CO,2016,202300000.0,146800000.0,0.0,133367.0,,0.7256549678695008
1096752,EDGEWELL PERSONAL CARE CO,2017,1210100000.0,-275300000.0,398200000.0,133367.0,,-0.2275018593504669
1096752,EDGEWELL PERSONAL CARE CO,2018,513700000.0,-328800000.0,0.0,133367.0,,-0.6400622931672182
1096752,EDGEWELL PERSONAL CARE CO,2019,1434500000.0,0.0,1061400000.0,133367.0,,0.0
1096752,EDGEWELL PERSONAL CARE CO,2020,1068500000.0,103300000.0,457100000.0,133367.0,120000.0,0.0966775854000936
1096752,ENERGIZER HOLDINGS INC,2010,6149000000.0,329300000.0,3999800000.0,133367.0,150000.0,0.0535534233208651
1096752,ENERGIZER HOLDINGS INC,2011,6663400000.0,261200000.0,2303800000.0,133367.0,90000.0,0.0391992076117297
1096752,ENERGIZER HOLDINGS INC,2012,7429500000.0,-108900000.0,2444500000.0,133367.0,120000.0,-0.0146577831617201
1096752,ENERGIZER HOLDINGS INC,2013,1033000000.0,407000000.0,198000000.0,133367.0,50000.0,0.3939980638915779
1096752,ENERGIZER HOLDINGS INC,2014,2123700000.0,391200000.0,672800000.0,133367.0,,0.1842068088713095
1102934,CABOT MICROELECTRONICS CORP,2010,571756000.0,38338000.0,291372000.0,,,0.0670530785859702
1102934,CABOT MICROELECTRONICS CORP,2011,628229000.0,51662000.0,164098000.0,,,0.0822343444826647
1102934,CABOT MICROELECTRONICS CORP,2012,517825000.0,40826000.0,99236000.0,,,0.0788413073914932
1102934,CABOT MICROELECTRONICS CORP,2013,554506000.0,5530000.0,106533000.0,,,0.0099728406906327
1102934,CABOT MICROELECTRONICS CORP,2014,551592000.0,10095000.0,119320000.0,,,0.0183015707261889
1102934,CABOT MICROELECTRONICS CORP,2015,660474000.0,10095000.0,51036000.0,,,0.0152844775116053
1102934,CABOT MICROELECTRONICS CORP,2016,660474000.0,18702000.0,118079000.0,,,0.0283160275801924
1102934,CABOT MICROELECTRONICS CORP,2017,727230000.0,86952000.0,72670000.0,,,0.1195660245039396
1102934,CABOT MICROELECTRONICS CORP,2018,834100000.0,86952000.0,62400000.0,,,0.1042464932262318
1102934,CABOT MICROELECTRONICS CORP,2019,780973000.0,39215000.0,590123000.0,,,0.0502130035225289
1102934,"CMC MATERIALS, INC.",2020,2261766000.0,13443000.0,1037696000.0,,,0.0059435856759717
1140859,AMERISOURCEBERGEN CORP,2010,13572740000.0,438989000.0,18716063000.0,,,0.032343432497786
1140859,AMERISOURCEBERGEN CORP,2011,13145134000.0,141228000.0,1942980000.0,,,0.0107437474581849
1140859,AMERISOURCEBERGEN CORP,2012,14365828000.0,636748000.0,-51286000.0,,,0.0443237939365555
1140859,AMERISOURCEBERGEN CORP,2013,15442256000.0,718986000.0,21906648000.0,,,0.0465596477613115
1140859,AMERISOURCEBERGEN CORP,2014,1523002000.0,276484000.0,-263989000.0,,,0.1815388292333168
1140859,AMERISOURCEBERGEN CORP,2015,22469558000.0,-134887000.0,29176362000.0,,,-0.0060030998384569
1140859,AMERISOURCEBERGEN CORP,2016,27962982000.0,-134887000.0,34233556000.0,,,-0.0048237702259365
1140859,AMERISOURCEBERGEN CORP,2017,27962982000.0,329639000.0,36709046000.0,,,0.0117884065440517
1140859,AMERISOURCEBERGEN CORP,2018,33637501000.0,411473000.0,39120015000.0,,,0.0122325674549961
1140859,AMERISOURCEBERGEN CORP,2019,5777217000.0,861853000.0,3636305000.0,,,0.1491813445816558
1140859,AMERISOURCEBERGEN CORP,2020,44274830000.0,-3408716000.0,45239265000.0,,,-0.0769899285892232
1260221,TRANSDIGM GROUP INC,2010,2677818000.0,163445000.0,827654000.0,148349.0,,0.0610366350513739
1260221,TRANSDIGM GROUP INC,2011,810949000.0,50635000.0,827654000.0,148349.0,,0.0624391916137759
1260221,TRANSDIGM GROUP INC,2012,4354115000.0,163445000.0,55327000.0,148349.0,,0.0375380530831179
1260221,TRANSDIGM GROUP INC,2013,6148879000.0,67937000.0,352473000.0,148349.0,,0.0110486805806391
1260221,TRANSDIGM GROUP INC,2014,-336381000.0,630329000.0,529322000.0,148349.0,,-1.873854349680868
1260221,TRANSDIGM GROUP INC,2015,132988000.0,99112000.0,96274000.0,148349.0,,0.7452702499473637
1260221,TRANSDIGM GROUP INC,2016,3922439000.0,154668000.0,1447894000.0,148349.0,,0.0394315883561223
1260221,TRANSDIGM GROUP INC,2017,142389000.0,-1916826000.0,2707115000.0,148349.0,,-13.461896635273792
1260221,TRANSDIGM GROUP INC,2018,614594000.0,586414000.0,0.0,148349.0,,0.9541485924040912
1260221,TRANSDIGM GROUP INC,2019,16254731000.0,1149247000.0,582520000.0,148349.0,,0.0707023081464713
1260221,TRANSDIGM GROUP INC,2020,962000000.0,202000000.0,79000000.0,148349.0,,0.20997920997921
1308547,"DOLBY LABORATORIES, INC.",2010,1711772000.0,283447000.0,640231000.0,,,0.1655868889081022
1308547,"DOLBY LABORATORIES, INC.",2011,1884387000.0,283447000.0,221216000.0,,,0.1504186772674615
1308547,"DOLBY LABORATORIES, INC.",2012,1960798000.0,51494000.0,224755000.0,,,0.0262617566929382
1308547,"DOLBY LABORATORIES, INC.",2013,1960798000.0,45795000.0,255956000.0,,,0.0233552869800968
1308547,"DOLBY LABORATORIES, INC.",2014,1984012000.0,206103000.0,226957000.0,,,0.1038819321657328
1308547,"DOLBY LABORATORIES, INC.",2015,2133293000.0,206103000.0,278592000.0,,,0.0966126078321168
1308547,"DOLBY LABORATORIES, INC.",2016,2133293000.0,206103000.0,232748000.0,,,0.0966126078321168
1308547,"DOLBY LABORATORIES, INC.",2017,2533554000.0,67398000.0,274340000.0,,,0.0266021564963683
1308547,"DOLBY LABORATORIES, INC.",2018,2533554000.0,50092000.0,320129000.0,,,0.0197714356986273
1308547,"DOLBY LABORATORIES, INC.",2019,2865387000.0,-80500000.0,377553000.0,,,-0.0280939363513549
1308547,"DOLBY LABORATORIES, INC.",2020,2821749000.0,231363000.0,302376000.0,,,0.081992764062289
1368458,"SALLY BEAUTY HOLDINGS, INC.",2010,1490732000.0,,2916090000.0,,,
1368458,"SALLY BEAUTY HOLDINGS, INC.",2011,808842000.0,,514005000.0,,,
1368458,"SALLY BEAUTY HOLDINGS, INC.",2012,404570000.0,,836576000.0,,,
1368458,"SALLY BEAUTY HOLDINGS, INC.",2013,2381819000.0,,2896990000.0,,,
1368458,"SALLY BEAUTY HOLDINGS, INC.",2014,530190000.0,,1444755000.0,,,
1368458,"SALLY BEAUTY HOLDINGS, INC.",2015,1952321000.0,,3102406000.0,,,
1368458,"SALLY BEAUTY HOLDINGS, INC.",2016,972441000.0,,3834343000.0,,,
1368458,"SALLY BEAUTY HOLDINGS, INC.",2017,110757000.0,,998161000.0,,,
1368458,"SALLY BEAUTY HOLDINGS, INC.",2018,2095038000.0,230209000.0,732806000.0,,,0.1098829710964669
1368458,"SALLY BEAUTY HOLDINGS, INC.",2019,1985640000.0,71164000.0,743572000.0,,,0.0358393263632884
1368458,"SALLY BEAUTY HOLDINGS, INC.",2020,2098446000.0,31976000.0,1583317000.0,,,0.0152379427442974
1381668,TFS FINANCIAL CORP,2010,11076027000.0,,,,,
1381668,TFS FINANCIAL CORP,2011,1823881000.0,9340000.0,,,,0.0051209481320327
1381668,TFS FINANCIAL CORP,2012,1823881000.0,11479000.0,,,,0.006293722013662
1381668,TFS FINANCIAL CORP,2013,11518125000.0,55959000.0,,,,0.0048583428292365
1381668,TFS FINANCIAL CORP,2014,1900318000.0,65891000.0,,,,0.0346736704067424
1381668,TFS FINANCIAL CORP,2015,1900318000.0,23023000.0,,,,0.0121153406956098
1381668,TFS FINANCIAL CORP,2016,12368886000.0,17851000.0,,,,0.0014432180877081
1381668,TFS FINANCIAL CORP,2017,1723373000.0,22788000.0,,,,0.0132229064746865
1381668,TFS FINANCIAL CORP,2018,14137331000.0,22788000.0,,,,0.0016119025578449
1381668,TFS FINANCIAL CORP,2019,1822398000.0,20875000.0,,,,0.0114546877246353
1381668,TFS FINANCIAL CORP,2020,14542356000.0,26840000.0,,,,0.0018456431681358
1385157,TE CONNECTIVITY LTD.,2011,1961000000.0,,554000000.0,10277.0,,
1385157,TE CONNECTIVITY LTD.,2011,1961000000.0,,554000000.0,10787.0,200000.0,
1385157,TE CONNECTIVITY LTD.,2012,16104000000.0,,4799000000.0,10277.0,,
1385157,TE CONNECTIVITY LTD.,2012,16104000000.0,,4799000000.0,10787.0,200000.0,
1385157,TE CONNECTIVITY LTD.,2013,7364000000.0,,750000000.0,10277.0,,
1385157,TE CONNECTIVITY LTD.,2013,7364000000.0,,750000000.0,10787.0,200000.0,
1385157,TE CONNECTIVITY LTD.,2014,1684000000.0,,5485000000.0,10277.0,,
1385157,TE CONNECTIVITY LTD.,2014,1684000000.0,,5485000000.0,10787.0,200000.0,
1385157,TE CONNECTIVITY LTD.,2015,20608000000.0,,3118000000.0,10277.0,,
1385157,TE CONNECTIVITY LTD.,2015,20608000000.0,,3118000000.0,10787.0,200000.0,
1385157,TE CONNECTIVITY LTD.,2016,6655000000.0,3839000000.0,3118000000.0,10277.0,,0.5768595041322314
1385157,TE CONNECTIVITY LTD.,2016,6655000000.0,3839000000.0,3118000000.0,10787.0,130000.0,0.5768595041322314
1385157,TE CONNECTIVITY LTD.,2017,1473000000.0,2009000000.0,1010000000.0,10277.0,,1.3638832315003395
1385157,TE CONNECTIVITY LTD.,2017,1473000000.0,2009000000.0,1010000000.0,10787.0,,1.3638832315003395
1385157,TE CONNECTIVITY LTD.,2018,889000000.0,2009000000.0,3507000000.0,10277.0,,2.25984251968504
1385157,TE CONNECTIVITY LTD.,2018,889000000.0,2009000000.0,3507000000.0,10787.0,,2.25984251968504
1385157,TE CONNECTIVITY LTD.,2019,13918000000.0,1844000000.0,814000000.0,10277.0,,0.1324903003305072
1385157,TE CONNECTIVITY LTD.,2019,13918000000.0,1844000000.0,814000000.0,10787.0,,0.1324903003305072
1385157,TE CONNECTIVITY LTD.,2020,959000000.0,26000000.0,13448000000.0,10277.0,,0.02711157455683
1385157,TE CONNECTIVITY LTD.,2020,959000000.0,26000000.0,13448000000.0,10787.0,,0.02711157455683
1385157,TYCO ELECTRONICS LTD.,2010,21398000000.0,-2541000000.0,3084000000.0,10277.0,,-0.1187494158332554
1385157,TYCO ELECTRONICS LTD.,2010,21398000000.0,-2541000000.0,3084000000.0,10787.0,200000.0,-0.1187494158332554
1403161,VISA INC.,2010,33408000000.0,284000000.0,6911000000.0,179534.0,180000.0,0.0085009578544061
1403161,VISA INC.,2011,33408000000.0,1397000000.0,8065000000.0,179534.0,,0.0418163314176245
1403161,VISA INC.,2012,40013000000.0,1664000000.0,9188000000.0,179534.0,,0.0415864843925724
1403161,VISA INC.,2013,40013000000.0,216000000.0,10421000000.0,179534.0,,0.0053982455701896
1403161,VISA INC.,2014,38569000000.0,7000000.0,12702000000.0,179534.0,,0.0001814929088127
1403161,VISA INC.,2015,40236000000.0,4980000000.0,13880000000.0,179534.0,,0.1237697584252907
1403161,VISA INC.,2016,39367000000.0,4307000000.0,554000000.0,179534.0,,0.1094063555770061
1403161,VISA INC.,2017,67977000000.0,1006000000.0,15082000000.0,179534.0,,0.0147991232328581
1403161,VISA INC.,2018,67977000000.0,4738000000.0,18358000000.0,179534.0,,0.06970004560366
1403161,VISA INC.,2019,69225000000.0,,9654000000.0,179534.0,,
1403161,VISA INC.,2020,72574000000.0,,22977000000.0,179534.0,180000.0,
1417398,"HILLENBRAND, INC.",2010,1052100000.0,92300000.0,649100000.0,,,0.0877293032981655
1417398,"HILLENBRAND, INC.",2011,246500000.0,106100000.0,19000000.0,,,0.4304259634888438
1417398,"HILLENBRAND, INC.",2012,769700000.0,,230000000.0,,,
1417398,"HILLENBRAND, INC.",2013,2003200000.0,,245900000.0,,,
1417398,"HILLENBRAND, INC.",2014,1918500000.0,,-200800000.0,,,
1417398,"HILLENBRAND, INC.",2015,237800000.0,,1001900000.0,,,
1417398,"HILLENBRAND, INC.",2016,2635900000.0,,1538400000.0,,,
1417398,"HILLENBRAND, INC.",2017,-4121100000.0,,915000000.0,,,
1417398,"HILLENBRAND, INC.",2018,2508500000.0,,1538400000.0,,,
1417398,"HILLENBRAND, INC.",2019,-4128900000.0,,397200000.0,,,
1417398,"HILLENBRAND, INC.",2020,225300000.0,,892500000.0,,,
1467373,ACCENTURE PLC,2010,12835253000.0,445482000.0,10256455000.0,,,0.0347076913871506
1467373,ACCENTURE PLC,2011,15731510000.0,399760000.0,6496293000.0,,,0.0254114195013701
1467373,ACCENTURE PLC,2012,16665415000.0,1780656000.0,3677850000.0,,,0.1068473842385563
1467373,ACCENTURE PLC,2013,16665415000.0,2553510000.0,11623595000.0,,,0.1532221069802342
1467373,ACCENTURE PLC,2014,16867049000.0,701016000.0,30394285000.0,,,0.0415612713284938
1467373,ACCENTURE PLC,2015,17930452000.0,3281878000.0,10878943000.0,,,0.1830337573196704
1467373,ACCENTURE PLC,2016,20609004000.0,1326520000.0,8364511000.0,,,0.0643660411730717
1467373,ACCENTURE PLC,2017,22689890000.0,4111892000.0,6255680000.0,,,0.1812213280892944
1467373,ACCENTURE PLC,2018,24449083000.0,4111892000.0,10838854000.0,,,0.1681818496014758
1467373,ACCENTURE PLC,2019,29789880000.0,1124449000.0,39343000.0,,,0.037746006361892
1467373,ACCENTURE PLC,2020,37078593000.0,1124449000.0,10605546000.0,,,0.0303260967858192
